Location_ID,City,State,Country,Region,Market
LOC-00001,Bekasi,Java Occidental,Indonesia,Southeast Asia,Pacific Asia
LOC-00002,Bikaner,Rajastán,India,South Asia,Pacific Asia
LOC-00003,Townsville,Queensland,Australia,Oceania,Pacific Asia
LOC-00004,Toowoomba,Queensland,Australia,Oceania,Pacific Asia
LOC-00005,Guangzhou,Guangdong,China,Eastern Asia,Pacific Asia
LOC-00006,Tokio,Tokio,Japón,Eastern Asia,Pacific Asia
LOC-00007,Manado,Célebes Septentrional,Indonesia,Southeast Asia,Pacific Asia
LOC-00008,Sangli,Maharashtra,India,South Asia,Pacific Asia
LOC-00009,Seúl,Seúl,Corea del Sur,Eastern Asia,Pacific Asia
LOC-00010,Jabalpur,Madhya Pradesh,India,South Asia,Pacific Asia
LOC-00011,Geelong,Victoria,Australia,Oceania,Pacific Asia
LOC-00012,Brisbane,Queensland,Australia,Oceania,Pacific Asia
LOC-00013,Mandurah,Australia Occidental,Australia,Oceania,Pacific Asia
LOC-00014,Guilin,Guangxi,China,Eastern Asia,Pacific Asia
LOC-00015,Delhi,Delhi,India,South Asia,Pacific Asia
LOC-00016,Suzhou,Gansu,China,Eastern Asia,Pacific Asia
LOC-00017,Singapur,Singapur,Singapur,Southeast Asia,Pacific Asia
LOC-00018,Hubli,Karnataka,India,South Asia,Pacific Asia
LOC-00019,Wollongong,Nueva Gales del Sur,Australia,Oceania,Pacific Asia
LOC-00020,Medan,Sumatra Septentrional,Indonesia,Southeast Asia,Pacific Asia
LOC-00021,Canberra,Territorio de la Capital Australiana,Australia,Oceania,Pacific Asia
LOC-00022,Bangalore,Karnataka,India,South Asia,Pacific Asia
LOC-00023,Yiwu,Zhejiang,China,Eastern Asia,Pacific Asia
LOC-00024,Mirzapur,Uttar Pradesh,India,South Asia,Pacific Asia
LOC-00025,Bursa,Bursa,Turquía,West Asia,Pacific Asia
LOC-00026,Murray Bridge,Australia del Sur,Australia,Oceania,Pacific Asia
LOC-00027,Kartal,Estambul,Turquía,West Asia,Pacific Asia
LOC-00028,Ulan Bator,Ulán Bator,Mongolia,Eastern Asia,Pacific Asia
LOC-00029,Estambul,Estambul,Turquía,West Asia,Pacific Asia
LOC-00030,Raipur,Rajastán,India,South Asia,Pacific Asia
LOC-00031,Pasco,Washington,Estados Unidos,West of USA,USCA
LOC-00032,Los Angeles,California,Estados Unidos,West of USA,USCA
LOC-00033,San Francisco,California,Estados Unidos,West of USA,USCA
LOC-00034,Overland Park,Kansas,Estados Unidos,US Center,USCA
LOC-00035,Ugep,Cross River,Nigeria,West Africa,Africa
LOC-00036,Kinshasa,Kinshasa,República Democrática del Congo,Central Africa,Africa
LOC-00037,Dakar,Dakar,Senegal,West Africa,Africa
LOC-00038,Casablanca,Gran Casablanca,Marruecos,North Africa,Africa
LOC-00039,Dortmund,Renania del Norte-Westfalia,Alemania,Western Europe,Europe
LOC-00040,Drancy,Isla de Francia,Francia,Western Europe,Europe
LOC-00041,Nantes,Países del Loira,Francia,Western Europe,Europe
LOC-00042,Groningen,Groningen,Países Bajos,Western Europe,Europe
LOC-00043,Gateshead,Inglaterra,Reino Unido,Northern Europe,Europe
LOC-00044,Eastbourne,Inglaterra,Reino Unido,Northern Europe,Europe
LOC-00045,Hayange,Alsacia-Champaña-Ardenas-Lorena,Francia,Western Europe,Europe
LOC-00046,Portsmouth,Inglaterra,Reino Unido,Northern Europe,Europe
LOC-00047,Gelsenkirchen,Renania del Norte-Westfalia,Alemania,Western Europe,Europe
LOC-00048,Nice,Provenza-Alpes-Costa Azul,Francia,Western Europe,Europe
LOC-00049,Petapa,Guatemala,Guatemala,Central America,LATAM
LOC-00050,Mejicanos,San Salvador,El Salvador,Central America,LATAM
LOC-00051,David,Chiriquí,Panamá,Central America,LATAM
LOC-00052,Santo Domingo,Santo Domingo,República Dominicana,Caribbean,LATAM
LOC-00053,Cabimas,Zulia,Venezuela,South America,LATAM
LOC-00054,Dos Quebradas,Risaralda,Colombia,South America,LATAM
LOC-00055,Ilopango,San Salvador,El Salvador,Central America,LATAM
LOC-00056,Tegucigalpa,Francisco Morazán,Honduras,Central America,LATAM
LOC-00057,Juazeiro,Bahía,Brasil,South America,LATAM
LOC-00058,Mexico City,Distrito Federal,México,Central America,LATAM
LOC-00059,Tlaquepaque,Jalisco,México,Central America,LATAM
LOC-00060,Puebla,Puebla,México,Central America,LATAM
LOC-00061,São Paulo,São Paulo,Brasil,South America,LATAM
LOC-00062,Montevideo,Montevideo,Uruguay,South America,LATAM
LOC-00063,Buenos Aires,Buenos Aires,Argentina,South America,LATAM
LOC-00064,Barueri,São Paulo,Brasil,South America,LATAM
LOC-00065,Arapongas,Paraná,Brasil,South America,LATAM
LOC-00066,Camagüey,Camagüey,Cuba,Caribbean,LATAM
LOC-00067,Las Tunas,Las Tunas,Cuba,Caribbean,LATAM
LOC-00068,Tepic,Nayarit,México,Central America,LATAM
LOC-00069,San Miguelito,Panamá,Panamá,Central America,LATAM
LOC-00070,Ixtapaluca,México,México,Central America,LATAM
LOC-00071,Maceió,Alagoas,Brasil,South America,LATAM
LOC-00072,Belo Horizonte,Minas Gerais,Brasil,South America,LATAM
LOC-00073,Santiago de Cuba,Santiago de Cuba,Cuba,Caribbean,LATAM
LOC-00074,San Pedro Sula,Cortés,Honduras,Central America,LATAM
LOC-00075,Lima,Lima (ciudad),Perú,South America,LATAM
LOC-00076,Holguín,Holguín,Cuba,Caribbean,LATAM
LOC-00077,Orizaba,Veracruz,México,Central America,LATAM
LOC-00078,Managua,Managua,Nicaragua,Central America,LATAM
LOC-00079,Villahermosa,Tabasco,México,Central America,LATAM
LOC-00080,Quixadá,Ceará,Brasil,South America,LATAM
LOC-00081,Mixco,Guatemala,Guatemala,Central America,LATAM
LOC-00082,Nueva Gerona,Isla de la Juventud,Cuba,Caribbean,LATAM
LOC-00083,Chimaltenango,Chimaltenango,Guatemala,Central America,LATAM
LOC-00084,Villa Nueva,Guatemala,Guatemala,Central America,LATAM
LOC-00085,Quito,Pichincha,Ecuador,South America,LATAM
LOC-00086,Valle de La Pascua,Guárico,Venezuela,South America,LATAM
LOC-00087,Cotia,São Paulo,Brasil,South America,LATAM
LOC-00088,Itapecuru Mirim,Marañón,Brasil,South America,LATAM
LOC-00089,León,León,Nicaragua,Central America,LATAM
LOC-00090,Tlalpan,Distrito Federal,México,Central America,LATAM
LOC-00091,Apopa,San Salvador,El Salvador,Central America,LATAM
LOC-00092,Cipolletti,Río Negro,Argentina,South America,LATAM
LOC-00093,La Ceiba,Atlántida,Honduras,Central America,LATAM
LOC-00094,Córdoba,Veracruz,México,Central America,LATAM
LOC-00095,Kuito,Bié,Angola,Central Africa,Africa
LOC-00096,Jartum,Jartum,Sudán,North Africa,Africa
LOC-00097,Hargeysa,Gobolka Woqooyi Galbeed,Somalia,East Africa,Africa
LOC-00098,Kenitra,Garb-Chrarda-Beni Hsen,Marruecos,North Africa,Africa
LOC-00099,Abidjan,Lagunes,Costa de Marfil,West Africa,Africa
LOC-00100,Abu Kabir,Ash Sharqiyah,Egipto,North Africa,Africa
LOC-00101,Perugia,Umbría,Italia,Southern Europe,Europe
LOC-00102,Nuremberg,Bavaria,Alemania,Western Europe,Europe
LOC-00103,Reims,Alsacia-Champaña-Ardenas-Lorena,Francia,Western Europe,Europe
LOC-00104,Halle,Sajonia-Anhalt,Alemania,Western Europe,Europe
LOC-00105,Bremerhaven,Bremen,Alemania,Western Europe,Europe
LOC-00106,Portici,Campania,Italia,Southern Europe,Europe
LOC-00107,Bielefeld,Renania del Norte-Westfalia,Alemania,Western Europe,Europe
LOC-00108,London,Inglaterra,Reino Unido,Northern Europe,Europe
LOC-00109,Duisburg,Renania del Norte-Westfalia,Alemania,Western Europe,Europe
LOC-00110,Bradford,Inglaterra,Reino Unido,Northern Europe,Europe
LOC-00111,Agrigento,Sicilia,Italia,Southern Europe,Europe
LOC-00112,Oldham,Inglaterra,Reino Unido,Northern Europe,Europe
LOC-00113,Palermo,Sicilia,Italia,Southern Europe,Europe
LOC-00114,Madrid,Madrid,España,Southern Europe,Europe
LOC-00115,Nancy,Alsacia-Champaña-Ardenas-Lorena,Francia,Western Europe,Europe
LOC-00116,Girona,Cataluña,España,Southern Europe,Europe
LOC-00117,Laon,Norte-Paso de Calais-Picardía,Francia,Western Europe,Europe
LOC-00118,Hartlepool,Inglaterra,Reino Unido,Northern Europe,Europe
LOC-00119,Pontault-Combault,Isla de Francia,Francia,Western Europe,Europe
LOC-00120,La Rochelle,Aquitania-Lemosín-Poitou-Charentes,Francia,Western Europe,Europe
LOC-00121,Edinburgh,Escocia,Reino Unido,Northern Europe,Europe
LOC-00122,Acerra,Campania,Italia,Southern Europe,Europe
LOC-00123,Hanover,Baja Sajonia,Alemania,Western Europe,Europe
LOC-00124,Manchester,Inglaterra,Reino Unido,Northern Europe,Europe
LOC-00125,Messina,Sicilia,Italia,Southern Europe,Europe
LOC-00126,Wilhelmshaven,Baja Sajonia,Alemania,Western Europe,Europe
LOC-00127,Letchworth,Inglaterra,Reino Unido,Northern Europe,Europe
LOC-00128,Kilwinning,Escocia,Reino Unido,Northern Europe,Europe
LOC-00129,Villeneuve-le-Roi,Isla de Francia,Francia,Western Europe,Europe
LOC-00130,Barakaldo,País Vasco,España,Southern Europe,Europe
LOC-00131,Estocolmo,Estocolmo,Suecia,Northern Europe,Europe
LOC-00132,Aylesbury,Inglaterra,Reino Unido,Northern Europe,Europe
LOC-00133,Langenhagen,Baja Sajonia,Alemania,Western Europe,Europe
LOC-00134,Birmingham,Inglaterra,Reino Unido,Northern Europe,Europe
LOC-00135,Amsterdam,Holanda Septentrional,Países Bajos,Western Europe,Europe
LOC-00136,Viena,Viena,Austria,Western Europe,Europe
LOC-00137,Houston,Texas,Estados Unidos,US Center,USCA
LOC-00138,Gilbert,Arizona,Estados Unidos,West of USA,USCA
LOC-00139,San Jose,California,Estados Unidos,West of USA,USCA
LOC-00140,Fresno,California,Estados Unidos,West of USA,USCA
LOC-00141,Peoria,Arizona,Estados Unidos,West of USA,USCA
LOC-00142,Cincinnati,Ohio,Estados Unidos,East of USA,USCA
LOC-00143,Columbus,Indiana,Estados Unidos,US Center,USCA
LOC-00144,Ottawa,Ontario,Canada,Canada,USCA
LOC-00145,Kitchener,Ontario,Canada,Canada,USCA
LOC-00146,Philadelphia,Pensilvania,Estados Unidos,East of USA,USCA
LOC-00147,Des Plaines,Illinois,Estados Unidos,US Center,USCA
LOC-00148,Elmhurst,Illinois,Estados Unidos,US Center,USCA
LOC-00149,Antananarivo,Analamanga,Madagascar,East Africa,Africa
LOC-00150,Algiers,Alger,Argelia,North Africa,Africa
LOC-00151,Monrovia,Montserrado,Liberia,West Africa,Africa
LOC-00152,Gagnoa,Fromager,Costa de Marfil,West Africa,Africa
LOC-00153,Livingstone,Meridional,Zambia,East Africa,Africa
LOC-00154,Fes,Fez-Bulmán,Marruecos,North Africa,Africa
LOC-00155,Cairo,El Cairo,Egipto,North Africa,Africa
LOC-00156,Hurghada,Al Bahr al Ahmar,Egipto,North Africa,Africa
LOC-00157,Niamey,Niamey,Níger,West Africa,Africa
LOC-00158,Sale,Rabat-Salé-Zemur-Zaer,Marruecos,North Africa,Africa
LOC-00159,Pretoria,Gauteng,SudAfrica,Southern Africa,Africa
LOC-00160,Marrakech,Marrakech-Tensift-Al Hauz,Marruecos,North Africa,Africa
LOC-00161,Bur Sudan,Mar Rojo,Sudán,North Africa,Africa
LOC-00162,Lagos,Lagos,Nigeria,West Africa,Africa
LOC-00163,Quelimane,Zambezia,Mozambique,East Africa,Africa
LOC-00164,Port Elizabeth,Cabo Oriental,SudAfrica,Southern Africa,Africa
LOC-00165,Shinyanga,Shinyanga,Tanzania,East Africa,Africa
LOC-00166,Kismaayo,Jubbada Hoose,Somalia,East Africa,Africa
LOC-00167,Butare,Meridional,Ruanda,East Africa,Africa
LOC-00168,Newcastle,KwaZulu-Natal,SudAfrica,Southern Africa,Africa
LOC-00169,Jerusalén,Jerusalén,Israel,West Asia,Pacific Asia
LOC-00170,Gold Coast,Queensland,Australia,Oceania,Pacific Asia
LOC-00171,Newcastle,Nueva Gales del Sur,Australia,Oceania,Pacific Asia
LOC-00172,Porirua,Wellington,Nueva Zelanda,Oceania,Pacific Asia
LOC-00173,Mildura,Victoria,Australia,Oceania,Pacific Asia
LOC-00174,Daca,Daca,Bangladés,South Asia,Pacific Asia
LOC-00175,Kanpur,Uttar Pradesh,India,South Asia,Pacific Asia
LOC-00176,Bangkok,Bangkok,Tailandia,Southeast Asia,Pacific Asia
LOC-00177,Bagdad,Bagdad,Irak,West Asia,Pacific Asia
LOC-00178,Adana,Adana,Turquía,West Asia,Pacific Asia
LOC-00179,Riyadh,Riad,Arabia Saudí,West Asia,Pacific Asia
LOC-00180,Shenzhen,Guangdong,China,Eastern Asia,Pacific Asia
LOC-00181,Tianjin,Tianjin,China,Eastern Asia,Pacific Asia
LOC-00182,Perth,Australia Occidental,Australia,Oceania,Pacific Asia
LOC-00183,Dunedin,Otago,Nueva Zelanda,Oceania,Pacific Asia
LOC-00184,Melbourne,Victoria,Australia,Oceania,Pacific Asia
LOC-00185,Ulhasnagar,Maharashtra,India,South Asia,Pacific Asia
LOC-00186,Manila,Capital Nacional,Filipinas,Southeast Asia,Pacific Asia
LOC-00187,Mersin,Mersin,Turquía,West Asia,Pacific Asia
LOC-00188,Temirtau,Karagandá,Kazajistán,Central Asia,Pacific Asia
LOC-00189,Tengzhou,Shandong,China,Eastern Asia,Pacific Asia
LOC-00190,Nantong,Jiangsu,China,Eastern Asia,Pacific Asia
LOC-00191,Dalian,Liaoning,China,Eastern Asia,Pacific Asia
LOC-00192,Lianyuan,Hunan,China,Eastern Asia,Pacific Asia
LOC-00193,Caloundra,Queensland,Australia,Oceania,Pacific Asia
LOC-00194,Bendigo,Victoria,Australia,Oceania,Pacific Asia
LOC-00195,Adelaide,Australia del Sur,Australia,Oceania,Pacific Asia
LOC-00196,Ajmer,Rajastán,India,South Asia,Pacific Asia
LOC-00197,Kerman,Kerman,Irán,South Asia,Pacific Asia
LOC-00198,Vadodara,Guyarat,India,South Asia,Pacific Asia
LOC-00199,Semarang,Java Central,Indonesia,Southeast Asia,Pacific Asia
LOC-00200,Cirebon,Java Occidental,Indonesia,Southeast Asia,Pacific Asia
LOC-00201,Rangún,Rangún,Myanmar (Birmania),Southeast Asia,Pacific Asia
LOC-00202,Kütahya,Kütahya,Turquía,West Asia,Pacific Asia
LOC-00203,Namangán,Namangán,Uzbekistán,Central Asia,Pacific Asia
LOC-00204,Xinzhou,Hubei,China,Eastern Asia,Pacific Asia
LOC-00205,Mudanjiang,Heilongjiang,China,Eastern Asia,Pacific Asia
LOC-00206,Lokossa,Mono,Benín,West Africa,Africa
LOC-00207,Ikot Ekpene,Akwa Ibom,Nigeria,West Africa,Africa
LOC-00208,Warri,Delta,Nigeria,West Africa,Africa
LOC-00209,Bandundu,Bandundu,República Democrática del Congo,Central Africa,Africa
LOC-00210,Foumban,Ouest,Camerún,Central Africa,Africa
LOC-00211,Luanda,Luanda,Angola,Central Africa,Africa
LOC-00212,Maiduguri,Borno,Nigeria,West Africa,Africa
LOC-00213,Nairobi,Nairobi,Kenia,East Africa,Africa
LOC-00214,Kitwe,Copperbelt,Zambia,East Africa,Africa
LOC-00215,Nkongsamba,Littoral,Camerún,Central Africa,Africa
LOC-00216,Mbuji-mayi,Kasai Oriental,República Democrática del Congo,Central Africa,Africa
LOC-00217,Lome,Marítima,Togo,West Africa,Africa
LOC-00218,Mahajanga,Boeny,Madagascar,East Africa,Africa
LOC-00219,Kano,Kano,Nigeria,West Africa,Africa
LOC-00220,Annaba,Annaba,Argelia,North Africa,Africa
LOC-00221,Cotonou,Littoral,Benín,West Africa,Africa
LOC-00222,Dar es Salaam,Dar es Salaam,Tanzania,East Africa,Africa
LOC-00223,Cape Town,Cabo Occidental,SudAfrica,Southern Africa,Africa
LOC-00224,Montpellier,Languedoc-Rosellón-Mediodía-Pirineos,Francia,Western Europe,Europe
LOC-00225,Khmelnytskyi,Khmelnytskyi,Ucrania,Eastern Europe,Europe
LOC-00226,Vannes,Bretaña,Francia,Western Europe,Europe
LOC-00227,Fuenlabrada,Madrid,España,Southern Europe,Europe
LOC-00228,Villemomble,Isla de Francia,Francia,Western Europe,Europe
LOC-00229,Gien,Centro-Valle de Loira,Francia,Western Europe,Europe
LOC-00230,Neuilly-sur-Seine,Isla de Francia,Francia,Western Europe,Europe
LOC-00231,Viersen,Renania del Norte-Westfalia,Alemania,Western Europe,Europe
LOC-00232,Verona,Véneto,Italia,Southern Europe,Europe
LOC-00233,Fano,Marche,Italia,Southern Europe,Europe
LOC-00234,Gdynia,Pomerania,Polonia,Eastern Europe,Europe
LOC-00235,Talavera de la Reina,Castilla-La Mancha,España,Southern Europe,Europe
LOC-00236,Montreuil,Isla de Francia,Francia,Western Europe,Europe
LOC-00237,Marseille,Provenza-Alpes-Costa Azul,Francia,Western Europe,Europe
LOC-00238,Lisbon,Lisboa,Portugal,Southern Europe,Europe
LOC-00239,Wolverhampton,Inglaterra,Reino Unido,Northern Europe,Europe
LOC-00240,Satu Mare,Satu Mare,Rumania,Eastern Europe,Europe
LOC-00241,Guadalajara,Jalisco,México,Central America,LATAM
LOC-00242,Cúcuta,Norte de Santander,Colombia,South America,LATAM
LOC-00243,Zacatecas,Zacatecas,México,Central America,LATAM
LOC-00244,Chihuahua,Chihuahua,México,Central America,LATAM
LOC-00245,Brasília,Distrito Federal,Brasil,South America,LATAM
LOC-00246,Santarém,Pará,Brasil,South America,LATAM
LOC-00247,Joinville,Santa Catarina,Brasil,South America,LATAM
LOC-00248,Monterrey,Nuevo León,México,Central America,LATAM
LOC-00249,Pitalito,Huila,Colombia,South America,LATAM
LOC-00250,Querétaro,Querétaro,México,Central America,LATAM
LOC-00251,Chaguanas,Chaguanas,Trinidad y Tobago,Caribbean,LATAM
LOC-00252,Hermosillo,Sonora,México,Central America,LATAM
LOC-00253,Coacalco,México,México,Central America,LATAM
LOC-00254,Balneário Camboriú,Santa Catarina,Brasil,South America,LATAM
LOC-00255,Maturín,Monagas,Venezuela,South America,LATAM
LOC-00256,Parintins,Amazonas,Brasil,South America,LATAM
LOC-00257,Huehuetenango,Huehuetenango,Guatemala,Central America,LATAM
LOC-00258,Chinautla,Guatemala,Guatemala,Central America,LATAM
LOC-00259,Sorocaba,São Paulo,Brasil,South America,LATAM
LOC-00260,San Justo,Santa Fe,Argentina,South America,LATAM
LOC-00261,Colombo,Paraná,Brasil,South America,LATAM
LOC-00262,Itu,São Paulo,Brasil,South America,LATAM
LOC-00263,Cuernavaca,Morelos,México,Central America,LATAM
LOC-00264,Águas Lindas de Goiás,Goiás,Brasil,South America,LATAM
LOC-00265,Vespasiano,Minas Gerais,Brasil,South America,LATAM
LOC-00266,Bogotá,Bogotá,Colombia,South America,LATAM
LOC-00267,Bhilai,Chhattisgarh,India,South Asia,Pacific Asia
LOC-00268,Qingdao,Shandong,China,Eastern Asia,Pacific Asia
LOC-00269,Herat,Herat,Afganistán,South Asia,Pacific Asia
LOC-00270,Sydney,Nueva Gales del Sur,Australia,Oceania,Pacific Asia
LOC-00271,Bandung,Java Occidental,Indonesia,Southeast Asia,Pacific Asia
LOC-00272,Tongchuan,Shaanxi,China,Eastern Asia,Pacific Asia
LOC-00273,Ujjain,Madhya Pradesh,India,South Asia,Pacific Asia
LOC-00274,Balikpapan,Kalimantan Oriental,Indonesia,Southeast Asia,Pacific Asia
LOC-00275,Pune,Maharashtra,India,South Asia,Pacific Asia
LOC-00276,Weifang,Shandong,China,Eastern Asia,Pacific Asia
LOC-00277,Yogyakarta,Yogyakarta,Indonesia,Southeast Asia,Pacific Asia
LOC-00278,Rockhampton,Queensland,Australia,Oceania,Pacific Asia
LOC-00279,Siping,Jilin,China,Eastern Asia,Pacific Asia
LOC-00280,Shanghái,Shanghái,China,Eastern Asia,Pacific Asia
LOC-00281,Depok,Yogyakarta,Indonesia,Southeast Asia,Pacific Asia
LOC-00282,Kawasaki,Kanagawa,Japón,Eastern Asia,Pacific Asia
LOC-00283,Lahore,Punyab,Pakistán,South Asia,Pacific Asia
LOC-00284,Malang,Java Oriental,Indonesia,Southeast Asia,Pacific Asia
LOC-00285,Ho Chi Minh City,Ciudad Ho Chi Minh,Vietnam,Southeast Asia,Pacific Asia
LOC-00286,Shenyang,Liaoning,China,Eastern Asia,Pacific Asia
LOC-00287,Daegu,Daegu,Corea del Sur,Eastern Asia,Pacific Asia
LOC-00288,Rajkot,Guyarat,India,South Asia,Pacific Asia
LOC-00289,Gorakhpur,Haryana,India,South Asia,Pacific Asia
LOC-00290,Surabaya,Java Oriental,Indonesia,Southeast Asia,Pacific Asia
LOC-00291,Nagpur,Maharashtra,India,South Asia,Pacific Asia
LOC-00292,Nakhon Ratchasima,Nakhon Ratchasima,Tailandia,Southeast Asia,Pacific Asia
LOC-00293,Kota Kinabalu,Sabah,Malasia,Southeast Asia,Pacific Asia
LOC-00294,Jiutai,Jilin,China,Eastern Asia,Pacific Asia
LOC-00295,Shantou,Guangdong,China,Eastern Asia,Pacific Asia
LOC-00296,Cairns,Queensland,Australia,Oceania,Pacific Asia
LOC-00297,Jaipur,Rajastán,India,South Asia,Pacific Asia
LOC-00298,Raipur,Chhattisgarh,India,South Asia,Pacific Asia
LOC-00299,Loudi,Hunan,China,Eastern Asia,Pacific Asia
LOC-00300,Tipitapa,Managua,Nicaragua,Central America,LATAM
LOC-00301,Tabuk,Tabuk,Arabia Saudí,West Asia,Pacific Asia
LOC-00302,Manukau City,Auckland,Nueva Zelanda,Oceania,Pacific Asia
LOC-00303,Yakarta,Yakarta,Indonesia,Southeast Asia,Pacific Asia
LOC-00304,Tangerang,Java Occidental,Indonesia,Southeast Asia,Pacific Asia
LOC-00305,Aurangabad,Bihar,India,South Asia,Pacific Asia
LOC-00306,Seattle,Washington,Estados Unidos,West of USA,USCA
LOC-00307,Oakland,California,Estados Unidos,West of USA,USCA
LOC-00308,New York City,Nueva York,Estados Unidos,East of USA,USCA
LOC-00309,Monroe,Carolina del Norte,Estados Unidos,South of  USA,USCA
LOC-00310,Potchefstroom,Noroeste,SudAfrica,Southern Africa,Africa
LOC-00311,Wiesbaden,Hesse,Alemania,Western Europe,Europe
LOC-00312,Munich,Bavaria,Alemania,Western Europe,Europe
LOC-00313,Bobigny,Isla de Francia,Francia,Western Europe,Europe
LOC-00314,Lille,Norte-Paso de Calais-Picardía,Francia,Western Europe,Europe
LOC-00315,Giurgiu,Giurgiu,Rumania,Eastern Europe,Europe
LOC-00316,Tamworth,Inglaterra,Reino Unido,Northern Europe,Europe
LOC-00317,Lviv,Lviv,Ucrania,Eastern Europe,Europe
LOC-00318,Hidalgo,Michoacán,México,Central America,LATAM
LOC-00319,Irapuato,Guanajuato,México,Central America,LATAM
LOC-00320,Zapopan,Jalisco,México,Central America,LATAM
LOC-00321,Mauá,São Paulo,Brasil,South America,LATAM
LOC-00322,Qom,Qom,Irán,South Asia,Pacific Asia
LOC-00323,Denver,Colorado,Estados Unidos,West of USA,USCA
LOC-00324,Jacksonville,Florida,Estados Unidos,South of  USA,USCA
LOC-00325,Brindisi,Apulia,Italia,Southern Europe,Europe
LOC-00326,Hamburgo,Hamburgo,Alemania,Western Europe,Europe
LOC-00327,The Hague,Holanda Meridional,Países Bajos,Western Europe,Europe
LOC-00328,Halifax,Inglaterra,Reino Unido,Northern Europe,Europe
LOC-00329,Ratingen,Renania del Norte-Westfalia,Alemania,Western Europe,Europe
LOC-00330,Galati,Galati,Rumania,Eastern Europe,Europe
LOC-00331,Lázaro Cárdenas,Michoacán,México,Central America,LATAM
LOC-00332,Arnhem,Güeldres,Países Bajos,Western Europe,Europe
LOC-00333,Parma,Emilia-Romaña,Italia,Southern Europe,Europe
LOC-00334,Vantaa,Uusimaa,Finlandia,Northern Europe,Europe
LOC-00335,Rome,Lacio,Italia,Southern Europe,Europe
LOC-00336,Vicenza,Véneto,Italia,Southern Europe,Europe
LOC-00337,Wattrelos,Norte-Paso de Calais-Picardía,Francia,Western Europe,Europe
LOC-00338,Yaroslavl,Yaroslavl,Rusia,Eastern Europe,Europe
LOC-00339,Hastings,Inglaterra,Reino Unido,Northern Europe,Europe
LOC-00340,Sheffield,Inglaterra,Reino Unido,Northern Europe,Europe
LOC-00341,Lowestoft,Inglaterra,Reino Unido,Northern Europe,Europe
LOC-00342,Turku,Finlandia del Sudoeste,Finlandia,Northern Europe,Europe
LOC-00343,San Sebastian,País Vasco,España,Southern Europe,Europe
LOC-00344,Remscheid,Renania del Norte-Westfalia,Alemania,Western Europe,Europe
LOC-00345,Sterlitamak,Bashkortostán,Rusia,Eastern Europe,Europe
LOC-00346,Exeter,Inglaterra,Reino Unido,Northern Europe,Europe
LOC-00347,Pamiers,Languedoc-Rosellón-Mediodía-Pirineos,Francia,Western Europe,Europe
LOC-00348,Dordrecht,Holanda Meridional,Países Bajos,Western Europe,Europe
LOC-00349,Strasbourg,Alsacia-Champaña-Ardenas-Lorena,Francia,Western Europe,Europe
LOC-00350,Alphen aan den Rijn,Holanda Meridional,Países Bajos,Western Europe,Europe
LOC-00351,Lublin,Lublin,Polonia,Eastern Europe,Europe
LOC-00352,Dublín,Dublín,Irlanda,Northern Europe,Europe
LOC-00353,Six-Fours-les-Plages,Provenza-Alpes-Costa Azul,Francia,Western Europe,Europe
LOC-00354,Rennes,Bretaña,Francia,Western Europe,Europe
LOC-00355,Capannori,Toscana,Italia,Southern Europe,Europe
LOC-00356,Reutlingen,Baden-Wurtemberg,Alemania,Western Europe,Europe
LOC-00357,Palaiseau,Isla de Francia,Francia,Western Europe,Europe
LOC-00358,Redditch,Inglaterra,Reino Unido,Northern Europe,Europe
LOC-00359,Leeds,Inglaterra,Reino Unido,Northern Europe,Europe
LOC-00360,Plymouth,Inglaterra,Reino Unido,Northern Europe,Europe
LOC-00361,Barcelona,Cataluña,España,Southern Europe,Europe
LOC-00362,Castelldefels,Cataluña,España,Southern Europe,Europe
LOC-00363,Oslo,Oslo,Noruega,Northern Europe,Europe
LOC-00364,Hautmont,Norte-Paso de Calais-Picardía,Francia,Western Europe,Europe
LOC-00365,Banska Bystrica,Banská Bystrica,Eslovaquia,Eastern Europe,Europe
LOC-00366,Nacka,Estocolmo,Suecia,Northern Europe,Europe
LOC-00367,West Bromwich,Inglaterra,Reino Unido,Northern Europe,Europe
LOC-00368,Milan,Lombardía,Italia,Southern Europe,Europe
LOC-00369,Basingstoke,Inglaterra,Reino Unido,Northern Europe,Europe
LOC-00370,Littlehampton,Inglaterra,Reino Unido,Northern Europe,Europe
LOC-00371,Seville,Andalucía,España,Southern Europe,Europe
LOC-00372,Moncalieri,Piamonte,Italia,Southern Europe,Europe
LOC-00373,Seraing,Lieja,Bélgica,Western Europe,Europe
LOC-00374,Kramators'k,Donetsk,Ucrania,Eastern Europe,Europe
LOC-00375,Kiel,Schleswig-Holstein,Alemania,Western Europe,Europe
LOC-00376,Sunderland,Inglaterra,Reino Unido,Northern Europe,Europe
LOC-00377,Augsburg,Bavaria,Alemania,Western Europe,Europe
LOC-00378,Cognac,Aquitania-Lemosín-Poitou-Charentes,Francia,Western Europe,Europe
LOC-00379,Castrop-Rauxel,Renania del Norte-Westfalia,Alemania,Western Europe,Europe
LOC-00380,Bytom,Silesia,Polonia,Eastern Europe,Europe
LOC-00381,Durango,Durango,México,Central America,LATAM
LOC-00382,Serra,Espíritu Santo,Brasil,South America,LATAM
LOC-00383,Santiago de los Caballeros,Santiago de Chile,República Dominicana,Caribbean,LATAM
LOC-00384,San Salvador,San Salvador,El Salvador,Central America,LATAM
LOC-00385,Pinar del Río,Pinar del Río,Cuba,Caribbean,LATAM
LOC-00386,Araranguá,Santa Catarina,Brasil,South America,LATAM
LOC-00387,Juárez,Chihuahua,México,Central America,LATAM
LOC-00388,Puno,Puno,Perú,South America,LATAM
LOC-00389,Navegantes,Santa Catarina,Brasil,South America,LATAM
LOC-00390,Tampico,Tamaulipas,México,Central America,LATAM
LOC-00391,La Paz,La Paz,Bolivia,South America,LATAM
LOC-00392,Matagalpa,Matagalpa,Nicaragua,Central America,LATAM
LOC-00393,Cuscatancingo,San Salvador,El Salvador,Central America,LATAM
LOC-00394,Americana,São Paulo,Brasil,South America,LATAM
LOC-00395,Indaial,Santa Catarina,Brasil,South America,LATAM
LOC-00396,Tijuana,Baja California,México,Central America,LATAM
LOC-00397,Ciudad del Carmen,Campeche,México,Central America,LATAM
LOC-00398,Santana de Parnaíba,São Paulo,Brasil,South America,LATAM
LOC-00399,Limeira,São Paulo,Brasil,South America,LATAM
LOC-00400,Valencia,Carabobo,Venezuela,South America,LATAM
LOC-00401,Santiago de Chile,Santiago de Chile,Chile,South America,LATAM
LOC-00402,Macapá,Amapá,Brasil,South America,LATAM
LOC-00403,Portmore,Santa Caterina,Jamaica,Caribbean,LATAM
LOC-00404,Saltillo,Coahuila,México,Central America,LATAM
LOC-00405,Guantánamo,Guantánamo,Cuba,Caribbean,LATAM
LOC-00406,Cartago,Valle del Cauca,Colombia,South America,LATAM
LOC-00407,Arequipa,Arequipa,Perú,South America,LATAM
LOC-00408,Atlixco,Puebla,México,Central America,LATAM
LOC-00409,Rio Branco,Acre,Brasil,South America,LATAM
LOC-00410,Ayacucho,Ayacucho,Perú,South America,LATAM
LOC-00411,Vassouras,Río de Janeiro,Brasil,South America,LATAM
LOC-00412,Hyderabad,Telangana,India,South Asia,Pacific Asia
LOC-00413,Jiangyan,Jiangsu,China,Eastern Asia,Pacific Asia
LOC-00414,Christchurch,Canterbury,Nueva Zelanda,Oceania,Pacific Asia
LOC-00415,Masterton,Wellington,Nueva Zelanda,Oceania,Pacific Asia
LOC-00416,Daqing,Heilongjiang,China,Eastern Asia,Pacific Asia
LOC-00417,Albury,Nueva Gales del Sur,Australia,Oceania,Pacific Asia
LOC-00418,Valenzuela,Capital Nacional,Filipinas,Southeast Asia,Pacific Asia
LOC-00419,Antipolo,Calabarzón,Filipinas,Southeast Asia,Pacific Asia
LOC-00420,Borujerd,Lorestan,Irán,South Asia,Pacific Asia
LOC-00421,Izmir,Izmir,Turquía,West Asia,Pacific Asia
LOC-00422,Shulan,Jilin,China,Eastern Asia,Pacific Asia
LOC-00423,Antalya,Antalya,Turquía,West Asia,Pacific Asia
LOC-00424,Taizz,Taiz,Yemen,West Asia,Pacific Asia
LOC-00425,Yangzhou,Jiangsu,China,Eastern Asia,Pacific Asia
LOC-00426,Asahikawa,Hokkaido,Japón,Eastern Asia,Pacific Asia
LOC-00427,Valencia,Mindanao Septentrional,Filipinas,Southeast Asia,Pacific Asia
LOC-00428,Khouribga,Chauía-Uardiga,Marruecos,North Africa,Africa
LOC-00429,Accra,Gran Accra,Ghana,West Africa,Africa
LOC-00430,Boghni,Tizi Ouzou,Argelia,North Africa,Africa
LOC-00431,Meknes,Mequinez-Tafilalet,Marruecos,North Africa,Africa
LOC-00432,Thika,Central,Kenia,East Africa,Africa
LOC-00433,Ad Diwem,Nilo Blanco,Sudán,North Africa,Africa
LOC-00434,Alexandria,Alejandría,Egipto,North Africa,Africa
LOC-00435,Kalemie,Katanga,República Democrática del Congo,Central Africa,Africa
LOC-00436,Wad Madani,Gezira,Sudán,North Africa,Africa
LOC-00437,Mogadishu,Benadir,Somalia,East Africa,Africa
LOC-00438,Kindia,Kindia,Guinea,West Africa,Africa
LOC-00439,Taza,Taza-Alhucemas-Taunat,Marruecos,North Africa,Africa
LOC-00440,Dire Dawa,Dire Dawa,Etiopía,East Africa,Africa
LOC-00441,Turin,Piamonte,Italia,Southern Europe,Europe
LOC-00442,Cologne,Renania del Norte-Westfalia,Alemania,Western Europe,Europe
LOC-00443,Uvarovo,Tambov,Rusia,Eastern Europe,Europe
LOC-00444,Southend-on-Sea,Inglaterra,Reino Unido,Northern Europe,Europe
LOC-00445,Widnes,Inglaterra,Reino Unido,Northern Europe,Europe
LOC-00446,Carpentras,Provenza-Alpes-Costa Azul,Francia,Western Europe,Europe
LOC-00447,Utrecht,Utrecht,Países Bajos,Western Europe,Europe
LOC-00448,Genk,Limburgo,Bélgica,Western Europe,Europe
LOC-00449,Gloucester,Inglaterra,Reino Unido,Northern Europe,Europe
LOC-00450,Helsinki,Uusimaa,Finlandia,Northern Europe,Europe
LOC-00451,Miramas,Provenza-Alpes-Costa Azul,Francia,Western Europe,Europe
LOC-00452,Sofia,Sofía-Ciudad,Bulgaria,Eastern Europe,Europe
LOC-00453,Granada,Andalucía,España,Southern Europe,Europe
LOC-00454,Mont-Saint-Aignan,Normandía,Francia,Western Europe,Europe
LOC-00455,Berlín,Berlín,Alemania,Western Europe,Europe
LOC-00456,Cagliari,Cerdeña,Italia,Southern Europe,Europe
LOC-00457,Erftstadt,Renania del Norte-Westfalia,Alemania,Western Europe,Europe
LOC-00458,Harrow,Inglaterra,Reino Unido,Northern Europe,Europe
LOC-00459,Pescara,Abruzos,Italia,Southern Europe,Europe
LOC-00460,Tourcoing,Norte-Paso de Calais-Picardía,Francia,Western Europe,Europe
LOC-00461,Afragola,Campania,Italia,Southern Europe,Europe
LOC-00462,Lugansk,Lugansk,Ucrania,Eastern Europe,Europe
LOC-00463,Doncaster,Inglaterra,Reino Unido,Northern Europe,Europe
LOC-00464,Bry-sur-Marne,Isla de Francia,Francia,Western Europe,Europe
LOC-00465,Charleroi,Henao,Bélgica,Western Europe,Europe
LOC-00466,Niort,Aquitania-Lemosín-Poitou-Charentes,Francia,Western Europe,Europe
LOC-00467,Venice,Véneto,Italia,Southern Europe,Europe
LOC-00468,Ulm,Baden-Wurtemberg,Alemania,Western Europe,Europe
LOC-00469,Cambridge,Inglaterra,Reino Unido,Northern Europe,Europe
LOC-00470,Siegen,Renania del Norte-Westfalia,Alemania,Western Europe,Europe
LOC-00471,Las Rozas de Madrid,Madrid,España,Southern Europe,Europe
LOC-00472,Luton,Inglaterra,Reino Unido,Northern Europe,Europe
LOC-00473,Verdun,Alsacia-Champaña-Ardenas-Lorena,Francia,Western Europe,Europe
LOC-00474,Conflans-Sainte-Honorine,Isla de Francia,Francia,Western Europe,Europe
LOC-00475,Sesto San Giovanni,Lombardía,Italia,Southern Europe,Europe
LOC-00476,Bondy,Isla de Francia,Francia,Western Europe,Europe
LOC-00477,Valencia,Valenciana,España,Southern Europe,Europe
LOC-00478,Noisy-le-Grand,Isla de Francia,Francia,Western Europe,Europe
LOC-00479,Elx,Valenciana,España,Southern Europe,Europe
LOC-00480,Gronau,Renania del Norte-Westfalia,Alemania,Western Europe,Europe
LOC-00481,Frankfurt,Hesse,Alemania,Western Europe,Europe
LOC-00482,Rotherham,Inglaterra,Reino Unido,Northern Europe,Europe
LOC-00483,Savigny-le-Temple,Isla de Francia,Francia,Western Europe,Europe
LOC-00484,La Seyne-sur-Mer,Provenza-Alpes-Costa Azul,Francia,Western Europe,Europe
LOC-00485,Fuji,Shizuoka,Japón,Eastern Asia,Pacific Asia
LOC-00486,Suzhou,Anhui,China,Eastern Asia,Pacific Asia
LOC-00487,Changwon,Gyeongsangnam,Corea del Sur,Eastern Asia,Pacific Asia
LOC-00488,Baoding,Hebei,China,Eastern Asia,Pacific Asia
LOC-00489,Port Macquarie,Nueva Gales del Sur,Australia,Oceania,Pacific Asia
LOC-00490,Vijayawada,Andhra Pradesh,India,South Asia,Pacific Asia
LOC-00491,Termez,Surjandarín,Uzbekistán,Central Asia,Pacific Asia
LOC-00492,Bishkek,Bishkek,Kirguistán,Central Asia,Pacific Asia
LOC-00493,Pekín,Pekín,China,Eastern Asia,Pacific Asia
LOC-00494,Thane,Maharashtra,India,South Asia,Pacific Asia
LOC-00495,Mumbai,Maharashtra,India,South Asia,Pacific Asia
LOC-00496,Durgapur,Bengala Occidental,India,South Asia,Pacific Asia
LOC-00497,Samarinda,Kalimantan Oriental,Indonesia,Southeast Asia,Pacific Asia
LOC-00498,Bacolod City,Visayas Occidental,Filipinas,Southeast Asia,Pacific Asia
LOC-00499,Lismore,Nueva Gales del Sur,Australia,Oceania,Pacific Asia
LOC-00500,Bhavnagar,Guyarat,India,South Asia,Pacific Asia
LOC-00501,Angeles City,Luzón Central,Filipinas,Southeast Asia,Pacific Asia
LOC-00502,Corlu,Tekirdag,Turquía,West Asia,Pacific Asia
LOC-00503,Jeddah,Meca,Arabia Saudí,West Asia,Pacific Asia
LOC-00504,K'ut'aisi,Imericia,Georgia,West Asia,Pacific Asia
LOC-00505,Hirakata,Osaka,Japón,Eastern Asia,Pacific Asia
LOC-00506,Neijiang,Sichuan,China,Eastern Asia,Pacific Asia
LOC-00507,Shanwei,Guangdong,China,Eastern Asia,Pacific Asia
LOC-00508,Waitakere,Auckland,Nueva Zelanda,Oceania,Pacific Asia
LOC-00509,Mangalore,Karnataka,India,South Asia,Pacific Asia
LOC-00510,Kathmandu,Central,Nepal,South Asia,Pacific Asia
LOC-00511,Kendari,Célebes Suroriental,Indonesia,Southeast Asia,Pacific Asia
LOC-00512,Probolinggo,Java Oriental,Indonesia,Southeast Asia,Pacific Asia
LOC-00513,Jixi,Heilongjiang,China,Eastern Asia,Pacific Asia
LOC-00514,Darwin,Territorio del Norte,Australia,Oceania,Pacific Asia
LOC-00515,Rasht,Guilán,Irán,South Asia,Pacific Asia
LOC-00516,Ahvaz,Juzestán,Irán,South Asia,Pacific Asia
LOC-00517,Arnsberg,Renania del Norte-Westfalia,Alemania,Western Europe,Europe
LOC-00518,Genoa,Liguria,Italia,Southern Europe,Europe
LOC-00519,Toulouse,Languedoc-Rosellón-Mediodía-Pirineos,Francia,Western Europe,Europe
LOC-00520,Waterlooville,Inglaterra,Reino Unido,Northern Europe,Europe
LOC-00521,Leipzig,Sajonia,Alemania,Western Europe,Europe
LOC-00522,Vanves,Isla de Francia,Francia,Western Europe,Europe
LOC-00523,Meyzieu,Auvernia-Ródano-Alpes,Francia,Western Europe,Europe
LOC-00524,Mulhouse,Alsacia-Champaña-Ardenas-Lorena,Francia,Western Europe,Europe
LOC-00525,Leicester,Inglaterra,Reino Unido,Northern Europe,Europe
LOC-00526,Chelles,Isla de Francia,Francia,Western Europe,Europe
LOC-00527,Marbella,Andalucía,España,Southern Europe,Europe
LOC-00528,Florence,Toscana,Italia,Southern Europe,Europe
LOC-00529,Kashira,Moscú,Rusia,Eastern Europe,Europe
LOC-00530,Cholet,Países del Loira,Francia,Western Europe,Europe
LOC-00531,Bochum,Renania del Norte-Westfalia,Alemania,Western Europe,Europe
LOC-00532,Annecy,Auvernia-Ródano-Alpes,Francia,Western Europe,Europe
LOC-00533,Magdeburg,Sajonia-Anhalt,Alemania,Western Europe,Europe
LOC-00534,Amberes,Amberes,Bélgica,Western Europe,Europe
LOC-00535,Makhachkala,Daguestán,Rusia,Eastern Europe,Europe
LOC-00536,Cheliábinsk,Cheliábinsk,Rusia,Eastern Europe,Europe
LOC-00537,Brandenburgo,Brandenburgo,Alemania,Western Europe,Europe
LOC-00538,Wetzlar,Hesse,Alemania,Western Europe,Europe
LOC-00539,Pertuis,Provenza-Alpes-Costa Azul,Francia,Western Europe,Europe
LOC-00540,Torrevieja,Valenciana,España,Southern Europe,Europe
LOC-00541,Cagnes-sur-Mer,Provenza-Alpes-Costa Azul,Francia,Western Europe,Europe
LOC-00542,Nanterre,Isla de Francia,Francia,Western Europe,Europe
LOC-00543,Vichy,Auvernia,Francia,Western Europe,Europe
LOC-00544,Lohne,Baja Sajonia,Alemania,Western Europe,Europe
LOC-00545,Le Mans,Países del Loira,Francia,Western Europe,Europe
LOC-00546,Bordeaux,Aquitania-Lemosín-Poitou-Charentes,Francia,Western Europe,Europe
LOC-00547,Astracán,Astracán,Rusia,Eastern Europe,Europe
LOC-00548,Rouen,Normandía,Francia,Western Europe,Europe
LOC-00549,Stuttgart,Baden-Wurtemberg,Alemania,Western Europe,Europe
LOC-00550,Peterborough,Inglaterra,Reino Unido,Northern Europe,Europe
LOC-00551,Montecatini Terme,Toscana,Italia,Southern Europe,Europe
LOC-00552,Warsaw,Mazovia,Polonia,Eastern Europe,Europe
LOC-00553,Huelva,Andalucía,España,Southern Europe,Europe
LOC-00554,Reggio nell'Emilia,Emilia-Romaña,Italia,Southern Europe,Europe
LOC-00555,Le Bouscat,Aquitania-Lemosín-Poitou-Charentes,Francia,Western Europe,Europe
LOC-00556,Derbent,Daguestán,Rusia,Eastern Europe,Europe
LOC-00557,Crewe,Inglaterra,Reino Unido,Northern Europe,Europe
LOC-00558,Paris,Isla de Francia,Francia,Western Europe,Europe
LOC-00559,Bognor Regis,Inglaterra,Reino Unido,Northern Europe,Europe
LOC-00560,Biarritz,Aquitania-Lemosín-Poitou-Charentes,Francia,Western Europe,Europe
LOC-00561,Aix-en-Provence,Provenza-Alpes-Costa Azul,Francia,Western Europe,Europe
LOC-00562,Registro,São Paulo,Brasil,South America,LATAM
LOC-00563,Presidente Dutra,Marañón,Brasil,South America,LATAM
LOC-00564,Villa Canales,Guatemala,Guatemala,Central America,LATAM
LOC-00565,Jiutepec,Morelos,México,Central America,LATAM
LOC-00566,Brumado,Bahía,Brasil,South America,LATAM
LOC-00567,Teresópolis,Río de Janeiro,Brasil,South America,LATAM
LOC-00568,Guarulhos,São Paulo,Brasil,South America,LATAM
LOC-00569,Bornova,Izmir,Turquía,West Asia,Pacific Asia
LOC-00570,Salihli,Manisa,Turquía,West Asia,Pacific Asia
LOC-00571,Tel Aviv,Tel Aviv,Israel,West Asia,Pacific Asia
LOC-00572,Astaná,Astaná,Kazajistán,Central Asia,Pacific Asia
LOC-00573,Launceston,Tasmania,Australia,Oceania,Pacific Asia
LOC-00574,Ranchi,Jharkhand,India,South Asia,Pacific Asia
LOC-00575,New Plymouth,Taranaki,Nueva Zelanda,Oceania,Pacific Asia
LOC-00576,Heyuan,Guangdong,China,Eastern Asia,Pacific Asia
LOC-00577,Saveh,Markazí,Irán,South Asia,Pacific Asia
LOC-00578,Durg,Chhattisgarh,India,South Asia,Pacific Asia
LOC-00579,Makati,Capital Nacional,Filipinas,Southeast Asia,Pacific Asia
LOC-00580,Xinyi,Guangdong,China,Eastern Asia,Pacific Asia
LOC-00581,Lianzhou,Guangdong,China,Eastern Asia,Pacific Asia
LOC-00582,Eskisehir,Eskisehir,Turquía,West Asia,Pacific Asia
LOC-00583,Armidale,Nueva Gales del Sur,Australia,Oceania,Pacific Asia
LOC-00584,Tamworth,Nueva Gales del Sur,Australia,Oceania,Pacific Asia
LOC-00585,Jambi,Jambi,Indonesia,Southeast Asia,Pacific Asia
LOC-00586,Xuzhou,Jiangsu,China,Eastern Asia,Pacific Asia
LOC-00587,Wuhan,Hubei,China,Eastern Asia,Pacific Asia
LOC-00588,Hobart,Tasmania,Australia,Oceania,Pacific Asia
LOC-00589,Sincan,Ankara,Turquía,West Asia,Pacific Asia
LOC-00590,Mackay,Queensland,Australia,Oceania,Pacific Asia
LOC-00591,Yuci,Shanxi,China,Eastern Asia,Pacific Asia
LOC-00592,Fukui,Fukui,Japón,Eastern Asia,Pacific Asia
LOC-00593,Caloocan,Capital Nacional,Filipinas,Southeast Asia,Pacific Asia
LOC-00594,Basra,Basora,Irak,West Asia,Pacific Asia
LOC-00595,Belgaum,Karnataka,India,South Asia,Pacific Asia
LOC-00596,Cainta,Calabarzón,Filipinas,Southeast Asia,Pacific Asia
LOC-00597,Auckland,Auckland,Nueva Zelanda,Oceania,Pacific Asia
LOC-00598,Taupo,Waikato,Nueva Zelanda,Oceania,Pacific Asia
LOC-00599,Gujranwala,Punyab,Pakistán,South Asia,Pacific Asia
LOC-00600,Sarkand,Almaty,Kazajistán,Central Asia,Pacific Asia
LOC-00601,Ajman,Ajmán,Emiratos Árabes Unidos,West Asia,Pacific Asia
LOC-00602,Zhuhai,Guangdong,China,Eastern Asia,Pacific Asia
LOC-00603,Bucheon,Gyeonggi,Corea del Sur,Eastern Asia,Pacific Asia
LOC-00604,Nelson,Nelson,Nueva Zelanda,Oceania,Pacific Asia
LOC-00605,Yichun,Jiangxi,China,Eastern Asia,Pacific Asia
LOC-00606,Solapur,Maharashtra,India,South Asia,Pacific Asia
LOC-00607,Chongqing,Chongqing,China,Eastern Asia,Pacific Asia
LOC-00608,Zhaoqing,Guangdong,China,Eastern Asia,Pacific Asia
LOC-00609,Tegal,Java Central,Indonesia,Southeast Asia,Pacific Asia
LOC-00610,Bihar Sharif,Bihar,India,South Asia,Pacific Asia
LOC-00611,Taixing,Jiangsu,China,Eastern Asia,Pacific Asia
LOC-00612,Mardan,Jaiber Pajtunjuá,Pakistán,South Asia,Pacific Asia
LOC-00613,Xinzhou,Shanxi,China,Eastern Asia,Pacific Asia
LOC-00614,Nanchong,Sichuan,China,Eastern Asia,Pacific Asia
LOC-00615,Nom Pen,Nom Pen,Camboya,Southeast Asia,Pacific Asia
LOC-00616,Patna,Bihar,India,South Asia,Pacific Asia
LOC-00617,Faridabad,Haryana,India,South Asia,Pacific Asia
LOC-00618,Maryborough,Queensland,Australia,Oceania,Pacific Asia
LOC-00619,Huangshan,Anhui,China,Eastern Asia,Pacific Asia
LOC-00620,Kwinana,Australia Occidental,Australia,Oceania,Pacific Asia
LOC-00621,Madurai,Tamil Nadu,India,South Asia,Pacific Asia
LOC-00622,Wenzhou,Zhejiang,China,Eastern Asia,Pacific Asia
LOC-00623,Suzhou,Jiangsu,China,Eastern Asia,Pacific Asia
LOC-00624,Chengdu,Sichuan,China,Eastern Asia,Pacific Asia
LOC-00625,Huadian,Jilin,China,Eastern Asia,Pacific Asia
LOC-00626,Fatehpur,Rajastán,India,South Asia,Pacific Asia
LOC-00627,Yancheng,Jiangsu,China,Eastern Asia,Pacific Asia
LOC-00628,Kediri,Java Oriental,Indonesia,Southeast Asia,Pacific Asia
LOC-00629,Coffs Harbour,Nueva Gales del Sur,Australia,Oceania,Pacific Asia
LOC-00630,Surakarta,Java Central,Indonesia,Southeast Asia,Pacific Asia
LOC-00631,Bacoor,Calabarzón,Filipinas,Southeast Asia,Pacific Asia
LOC-00632,Bundaberg,Queensland,Australia,Oceania,Pacific Asia
LOC-00633,Ipoh,Perak,Malasia,Southeast Asia,Pacific Asia
LOC-00634,Tongchuan,Sichuan,China,Eastern Asia,Pacific Asia
LOC-00635,Goyang,Gyeonggi,Corea del Sur,Eastern Asia,Pacific Asia
LOC-00636,Pasig,Capital Nacional,Filipinas,Southeast Asia,Pacific Asia
LOC-00637,Ichalkaranji,Maharashtra,India,South Asia,Pacific Asia
LOC-00638,Palembang,Sumatra Meridional,Indonesia,Southeast Asia,Pacific Asia
LOC-00639,Kota,Rajastán,India,South Asia,Pacific Asia
LOC-00640,São Bernardo do Campo,São Paulo,Brasil,South America,LATAM
LOC-00641,San Martín,Cuscatlán,El Salvador,Central America,LATAM
LOC-00642,Ocotlán,Jalisco,México,Central America,LATAM
LOC-00643,Kabul,Kabul,Afganistán,South Asia,Pacific Asia
LOC-00644,Tulsa,Oklahoma,Estados Unidos,US Center,USCA
LOC-00645,Moreno Valley,California,Estados Unidos,West of USA,USCA
LOC-00646,Zaria,Kaduna,Nigeria,West Africa,Africa
LOC-00647,Kampala,Kampala,Uganda,East Africa,Africa
LOC-00648,Port Harcourt,Ríos,Nigeria,West Africa,Africa
LOC-00649,Johannesburg,Gauteng,SudAfrica,Southern Africa,Africa
LOC-00650,Minna,Níger,Nigeria,West Africa,Africa
LOC-00651,Constantina,Constantina,Argelia,North Africa,Africa
LOC-00652,Abakaliki,Ebonyi,Nigeria,West Africa,Africa
LOC-00653,Stellenbosch,Cabo Occidental,SudAfrica,Southern Africa,Africa
LOC-00654,Tangier,Tánger-Tetuán,Marruecos,North Africa,Africa
LOC-00655,Maseru,Maseru,Lesoto,Southern Africa,Africa
LOC-00656,Soweto,Gauteng,SudAfrica,Southern Africa,Africa
LOC-00657,Fontenay-aux-Roses,Isla de Francia,Francia,Western Europe,Europe
LOC-00658,Badalona,Cataluña,España,Southern Europe,Europe
LOC-00659,Gothenburg,Västra Götaland,Suecia,Northern Europe,Europe
LOC-00660,Glasgow,Escocia,Reino Unido,Northern Europe,Europe
LOC-00661,Monza,Lombardía,Italia,Southern Europe,Europe
LOC-00662,Swindon,Inglaterra,Reino Unido,Northern Europe,Europe
LOC-00663,Brest,Bretaña,Francia,Western Europe,Europe
LOC-00664,Le Chesnay,Isla de Francia,Francia,Western Europe,Europe
LOC-00665,Malakoff,Isla de Francia,Francia,Western Europe,Europe
LOC-00666,Valladolid,Castilla y León,España,Southern Europe,Europe
LOC-00667,Sevran,Isla de Francia,Francia,Western Europe,Europe
LOC-00668,Vincennes,Isla de Francia,Francia,Western Europe,Europe
LOC-00669,Caen,Normandía,Francia,Western Europe,Europe
LOC-00670,Nieuwegein,Utrecht,Países Bajos,Western Europe,Europe
LOC-00671,Darton,Inglaterra,Reino Unido,Northern Europe,Europe
LOC-00672,Northampton,Inglaterra,Reino Unido,Northern Europe,Europe
LOC-00673,Halle,Renania del Norte-Westfalia,Alemania,Western Europe,Europe
LOC-00674,Dniprodzerzhyns'k,Dnipropetrovsk,Ucrania,Eastern Europe,Europe
LOC-00675,Roissy-en-Brie,Isla de Francia,Francia,Western Europe,Europe
LOC-00676,Brive-la-Gaillarde,Aquitania-Lemosín-Poitou-Charentes,Francia,Western Europe,Europe
LOC-00677,Le Petit-Quevilly,Normandía,Francia,Western Europe,Europe
LOC-00678,Trier,Renania-Palatinado,Alemania,Western Europe,Europe
LOC-00679,Gdansk,Pomerania,Polonia,Eastern Europe,Europe
LOC-00680,Velbert,Renania del Norte-Westfalia,Alemania,Western Europe,Europe
LOC-00681,Avignon,Provenza-Alpes-Costa Azul,Francia,Western Europe,Europe
LOC-00682,Preston,Inglaterra,Reino Unido,Northern Europe,Europe
LOC-00683,Trapani,Sicilia,Italia,Southern Europe,Europe
LOC-00684,Aprilia,Lacio,Italia,Southern Europe,Europe
LOC-00685,Meudon,Isla de Francia,Francia,Western Europe,Europe
LOC-00686,Mykolayiv,Mykolayiv,Ucrania,Eastern Europe,Europe
LOC-00687,Colchester,Inglaterra,Reino Unido,Northern Europe,Europe
LOC-00688,Cosenza,Calabria,Italia,Southern Europe,Europe
LOC-00689,Hasselt,Limburgo,Bélgica,Western Europe,Europe
LOC-00690,Rostock,Mecklemburgo-Pomerania Occidental,Alemania,Western Europe,Europe
LOC-00691,Tours,Centro-Valle de Loira,Francia,Western Europe,Europe
LOC-00692,Altamura,Apulia,Italia,Southern Europe,Europe
LOC-00693,Toulon,Provenza-Alpes-Costa Azul,Francia,Western Europe,Europe
LOC-00694,Vilna,Vilna,Lituania,Northern Europe,Europe
LOC-00695,Lincoln,Inglaterra,Reino Unido,Northern Europe,Europe
LOC-00696,Aschaffenburg,Bavaria,Alemania,Western Europe,Europe
LOC-00697,Bremen,Bremen,Alemania,Western Europe,Europe
LOC-00698,Heidelberg,Baden-Wurtemberg,Alemania,Western Europe,Europe
LOC-00699,Bilbao,País Vasco,España,Southern Europe,Europe
LOC-00700,Wuppertal,Renania del Norte-Westfalia,Alemania,Western Europe,Europe
LOC-00701,Mont-de-Marsan,Aquitania-Lemosín-Poitou-Charentes,Francia,Western Europe,Europe
LOC-00702,Stoke-on-Trent,Inglaterra,Reino Unido,Northern Europe,Europe
LOC-00703,Garches,Isla de Francia,Francia,Western Europe,Europe
LOC-00704,Pozzuoli,Campania,Italia,Southern Europe,Europe
LOC-00705,Zwickau,Sajonia,Alemania,Western Europe,Europe
LOC-00706,Offenbach,Hesse,Alemania,Western Europe,Europe
LOC-00707,Dnipropetrovsk,Dnipropetrovsk,Ucrania,Eastern Europe,Europe
LOC-00708,La Baule-Escoublac,Países del Loira,Francia,Western Europe,Europe
LOC-00709,Wigan,Inglaterra,Reino Unido,Northern Europe,Europe
LOC-00710,Mons-en-Baroeul,Norte-Paso de Calais-Picardía,Francia,Western Europe,Europe
LOC-00711,Timisoara,Timis,Rumania,Eastern Europe,Europe
LOC-00712,Berne,Berna,Suiza,Western Europe,Europe
LOC-00713,Aberdeen,Escocia,Reino Unido,Northern Europe,Europe
LOC-00714,Celle,Baja Sajonia,Alemania,Western Europe,Europe
LOC-00715,Treviso,Véneto,Italia,Southern Europe,Europe
LOC-00716,Le Blanc-Mesnil,Isla de Francia,Francia,Western Europe,Europe
LOC-00717,Dijon,Borgoña-Franco Condado,Francia,Western Europe,Europe
LOC-00718,Antony,Isla de Francia,Francia,Western Europe,Europe
LOC-00719,Carrara,Toscana,Italia,Southern Europe,Europe
LOC-00720,Budapest,Budapest,Hungría,Eastern Europe,Europe
LOC-00721,Castres,Languedoc-Rosellón-Mediodía-Pirineos,Francia,Western Europe,Europe
LOC-00722,Doetinchem,Güeldres,Países Bajos,Western Europe,Europe
LOC-00723,Marignane,Provenza-Alpes-Costa Azul,Francia,Western Europe,Europe
LOC-00724,Pamplona,Navarra,España,Southern Europe,Europe
LOC-00725,Ajaccio,Corse,Francia,Western Europe,Europe
LOC-00726,Garforth,Inglaterra,Reino Unido,Northern Europe,Europe
LOC-00727,Ingolstadt,Bavaria,Alemania,Western Europe,Europe
LOC-00728,Martigues,Provenza-Alpes-Costa Azul,Francia,Western Europe,Europe
LOC-00729,Courbevoie,Isla de Francia,Francia,Western Europe,Europe
LOC-00730,Franconville,Isla de Francia,Francia,Western Europe,Europe
LOC-00731,Copenhagen,Región Capital,Dinamarca,Northern Europe,Europe
LOC-00732,Mantes-la-Jolie,Isla de Francia,Francia,Western Europe,Europe
LOC-00733,Erlangen,Bavaria,Alemania,Western Europe,Europe
LOC-00734,Chaumont,Alsacia-Champaña-Ardenas-Lorena,Francia,Western Europe,Europe
LOC-00735,Lannion,Bretaña,Francia,Western Europe,Europe
LOC-00736,Burgos,Castilla y León,España,Southern Europe,Europe
LOC-00737,Corbeil-Essonnes,Isla de Francia,Francia,Western Europe,Europe
LOC-00738,Dabrowa Gornicza,Silesia,Polonia,Eastern Europe,Europe
LOC-00739,Porto,Porto,Portugal,Southern Europe,Europe
LOC-00740,Swansea,Gales,Reino Unido,Northern Europe,Europe
LOC-00741,Wolfsburg,Baja Sajonia,Alemania,Western Europe,Europe
LOC-00742,Versailles,Isla de Francia,Francia,Western Europe,Europe
LOC-00743,Argenteuil,Isla de Francia,Francia,Western Europe,Europe
LOC-00744,Emmen,Drenthe,Países Bajos,Western Europe,Europe
LOC-00745,Herten,Renania del Norte-Westfalia,Alemania,Western Europe,Europe
LOC-00746,Saint-Malo,Bretaña,Francia,Western Europe,Europe
LOC-00747,Blagoveshchensk,Amur,Rusia,Eastern Europe,Europe
LOC-00748,Vitoria,País Vasco,España,Southern Europe,Europe
LOC-00749,Muret,Languedoc-Rosellón-Mediodía-Pirineos,Francia,Western Europe,Europe
LOC-00750,Bari,Apulia,Italia,Southern Europe,Europe
LOC-00751,Essen,Renania del Norte-Westfalia,Alemania,Western Europe,Europe
LOC-00752,Clichy-sous-Bois,Isla de Francia,Francia,Western Europe,Europe
LOC-00753,Gennevilliers,Isla de Francia,Francia,Western Europe,Europe
LOC-00754,Karlstad,Värmland,Suecia,Northern Europe,Europe
LOC-00755,Maidstone,Inglaterra,Reino Unido,Northern Europe,Europe
LOC-00756,Salzburgo,Salzburgo,Austria,Western Europe,Europe
LOC-00757,Herford,Renania del Norte-Westfalia,Alemania,Western Europe,Europe
LOC-00758,Creil,Norte-Paso de Calais-Picardía,Francia,Western Europe,Europe
LOC-00759,Langenfeld,Renania del Norte-Westfalia,Alemania,Western Europe,Europe
LOC-00760,Saint-Germain-en-Laye,Isla de Francia,Francia,Western Europe,Europe
LOC-00761,Rillieux-la-Pape,Auvernia-Ródano-Alpes,Francia,Western Europe,Europe
LOC-00762,Mougins,Provenza-Alpes-Costa Azul,Francia,Western Europe,Europe
LOC-00763,Rambouillet,Isla de Francia,Francia,Western Europe,Europe
LOC-00764,Dresden,Sajonia,Alemania,Western Europe,Europe
LOC-00765,Espoo,Uusimaa,Finlandia,Northern Europe,Europe
LOC-00766,Aubervilliers,Isla de Francia,Francia,Western Europe,Europe
LOC-00767,Carrefour,Ouest,Haití,Caribbean,LATAM
LOC-00768,Pirapora,Minas Gerais,Brasil,South America,LATAM
LOC-00769,Tartagal,Salta,Argentina,South America,LATAM
LOC-00770,Quetzaltenango,Quezaltenango,Guatemala,Central America,LATAM
LOC-00771,Panama City,Panamá,Panamá,Central America,LATAM
LOC-00772,Bolton,Inglaterra,Reino Unido,Northern Europe,Europe
LOC-00773,Grigny,Isla de Francia,Francia,Western Europe,Europe
LOC-00774,Great Yarmouth,Inglaterra,Reino Unido,Northern Europe,Europe
LOC-00775,Calais,Norte-Paso de Calais-Picardía,Francia,Western Europe,Europe
LOC-00776,Gallarate,Lombardía,Italia,Southern Europe,Europe
LOC-00777,Chartres,Centro-Valle de Loira,Francia,Western Europe,Europe
LOC-00778,Torremolinos,Andalucía,España,Southern Europe,Europe
LOC-00779,Chemnitz,Sajonia,Alemania,Western Europe,Europe
LOC-00780,Zeist,Utrecht,Países Bajos,Western Europe,Europe
LOC-00781,Friedrichshafen,Baden-Wurtemberg,Alemania,Western Europe,Europe
LOC-00782,Mechelen,Amberes,Bélgica,Western Europe,Europe
LOC-00783,Piacenza,Emilia-Romaña,Italia,Southern Europe,Europe
LOC-00784,Palma de Mallorca,Islas Baleares,España,Southern Europe,Europe
LOC-00785,Le Havre,Normandía,Francia,Western Europe,Europe
LOC-00786,Bayonne,Aquitania-Lemosín-Poitou-Charentes,Francia,Western Europe,Europe
LOC-00787,Sumy,Sumy,Ucrania,Eastern Europe,Europe
LOC-00788,Menton,Provenza-Alpes-Costa Azul,Francia,Western Europe,Europe
LOC-00789,Brescia,Lombardía,Italia,Southern Europe,Europe
LOC-00790,Bacau,Bacau,Rumania,Eastern Europe,Europe
LOC-00791,Pantin,Isla de Francia,Francia,Western Europe,Europe
LOC-00792,Bologna,Emilia-Romaña,Italia,Southern Europe,Europe
LOC-00793,Kotka,Kymenlaakso,Finlandia,Northern Europe,Europe
LOC-00794,Opole,Opole,Polonia,Eastern Europe,Europe
LOC-00795,Sarcelles,Isla de Francia,Francia,Western Europe,Europe
LOC-00796,Oosterhout,Brabante Septentrional,Países Bajos,Western Europe,Europe
LOC-00797,Heilbronn,Baden-Wurtemberg,Alemania,Western Europe,Europe
LOC-00798,Aulnay-sous-Bois,Isla de Francia,Francia,Western Europe,Europe
LOC-00799,Vigneux-sur-Seine,Isla de Francia,Francia,Western Europe,Europe
LOC-00800,Recklinghausen,Renania del Norte-Westfalia,Alemania,Western Europe,Europe
LOC-00801,Stockton-on-Tees,Inglaterra,Reino Unido,Northern Europe,Europe
LOC-00802,Cerignola,Apulia,Italia,Southern Europe,Europe
LOC-00803,Clamart,Isla de Francia,Francia,Western Europe,Europe
LOC-00804,Veenendaal,Utrecht,Países Bajos,Western Europe,Europe
LOC-00805,Carpi,Emilia-Romaña,Italia,Southern Europe,Europe
LOC-00806,Carcassonne,Languedoc-Rosellón-Mediodía-Pirineos,Francia,Western Europe,Europe
LOC-00807,Garbsen,Baja Sajonia,Alemania,Western Europe,Europe
LOC-00808,Dreux,Centro-Valle de Loira,Francia,Western Europe,Europe
LOC-00809,Mazyr,Gómel,Bielorrusia,Eastern Europe,Europe
LOC-00810,Sandnes,Rogaland,Noruega,Northern Europe,Europe
LOC-00811,Rijeka,Primorje-Gorski Kotar,Croacia,Southern Europe,Europe
LOC-00812,Catania,Sicilia,Italia,Southern Europe,Europe
LOC-00813,La Teste-de-Buch,Aquitania-Lemosín-Poitou-Charentes,Francia,Western Europe,Europe
LOC-00814,Tarbes,Languedoc-Rosellón-Mediodía-Pirineos,Francia,Western Europe,Europe
LOC-00815,Pessac,Aquitania-Lemosín-Poitou-Charentes,Francia,Western Europe,Europe
LOC-00816,Bayeux,Normandía,Francia,Western Europe,Europe
LOC-00817,Ronchin,Norte-Paso de Calais-Picardía,Francia,Western Europe,Europe
LOC-00818,Carlisle,Inglaterra,Reino Unido,Northern Europe,Europe
LOC-00819,Kaunas,Kaunas,Lituania,Northern Europe,Europe
LOC-00820,Rugby,Inglaterra,Reino Unido,Northern Europe,Europe
LOC-00821,Vínnytsia,Vínnytsia,Ucrania,Eastern Europe,Europe
LOC-00822,Derby,Inglaterra,Reino Unido,Northern Europe,Europe
LOC-00823,Dormagen,Renania del Norte-Westfalia,Alemania,Western Europe,Europe
LOC-00824,Ginebra,Ginebra,Suiza,Western Europe,Europe
LOC-00825,Gera,Turingia,Alemania,Western Europe,Europe
LOC-00826,Mantes-la-Ville,Isla de Francia,Francia,Western Europe,Europe
LOC-00827,Bebington,Inglaterra,Reino Unido,Northern Europe,Europe
LOC-00828,Novara,Piamonte,Italia,Southern Europe,Europe
LOC-00829,Angarsk,Irkutsk,Rusia,Eastern Europe,Europe
LOC-00830,Ploiesti,Prahova,Rumania,Eastern Europe,Europe
LOC-00831,Loughborough,Inglaterra,Reino Unido,Northern Europe,Europe
LOC-00832,Deuil-la-Barre,Isla de Francia,Francia,Western Europe,Europe
LOC-00833,Járkov,Járkov,Ucrania,Eastern Europe,Europe
LOC-00834,Tarragona,Cataluña,España,Southern Europe,Europe
LOC-00835,Pontivy,Bretaña,Francia,Western Europe,Europe
LOC-00836,Cheltenham,Inglaterra,Reino Unido,Northern Europe,Europe
LOC-00837,Zamora,Castilla y León,España,Southern Europe,Europe
LOC-00838,Villenave-d'Ornon,Aquitania-Lemosín-Poitou-Charentes,Francia,Western Europe,Europe
LOC-00839,Le Plessis-Robinson,Isla de Francia,Francia,Western Europe,Europe
LOC-00840,Roanne,Auvernia-Ródano-Alpes,Francia,Western Europe,Europe
LOC-00841,Posadas,Misiones,Argentina,South America,LATAM
LOC-00842,Culiacán,Sinaloa,México,Central America,LATAM
LOC-00843,Cienfuegos,Cienfuegos,Cuba,Caribbean,LATAM
LOC-00844,Birigui,São Paulo,Brasil,South America,LATAM
LOC-00845,Denizli,Denizli,Turquía,West Asia,Pacific Asia
LOC-00846,Guwahati,Assam,India,South Asia,Pacific Asia
LOC-00847,Jinan,Shandong,China,Eastern Asia,Pacific Asia
LOC-00848,Corum,Corum,Turquía,West Asia,Pacific Asia
LOC-00849,Rawalpindi,Punyab,Pakistán,South Asia,Pacific Asia
LOC-00850,Huainan,Anhui,China,Eastern Asia,Pacific Asia
LOC-00851,Luoyang,Fujian,China,Eastern Asia,Pacific Asia
LOC-00852,Hangzhou,Zhejiang,China,Eastern Asia,Pacific Asia
LOC-00853,Huaiyin,Jiangsu,China,Eastern Asia,Pacific Asia
LOC-00854,Guangshui,Hubei,China,Eastern Asia,Pacific Asia
LOC-00855,Baguio City,Cordillera,Filipinas,Southeast Asia,Pacific Asia
LOC-00856,Vientiane,Prefectura de Vientián,Laos,Southeast Asia,Pacific Asia
LOC-00857,Gwalior,Madhya Pradesh,India,South Asia,Pacific Asia
LOC-00858,Hanoi,Th? Dô Hà N?i,Vietnam,Southeast Asia,Pacific Asia
LOC-00859,Raipur,Uttarakhand,India,South Asia,Pacific Asia
LOC-00860,Yingcheng,Hubei,China,Eastern Asia,Pacific Asia
LOC-00861,Qarshi,Kashkadar,Uzbekistán,Central Asia,Pacific Asia
LOC-00862,Zahedan,Sistán y Baluchistán,Irán,South Asia,Pacific Asia
LOC-00863,Anjo,Aichi,Japón,Eastern Asia,Pacific Asia
LOC-00864,Abadan,Juzestán,Irán,South Asia,Pacific Asia
LOC-00865,Anshan,Liaoning,China,Eastern Asia,Pacific Asia
LOC-00866,Kuala Terengganu,Trengganu,Malasia,Southeast Asia,Pacific Asia
LOC-00867,Visakhapatnam,Andhra Pradesh,India,South Asia,Pacific Asia
LOC-00868,Kollam,Kerala,India,South Asia,Pacific Asia
LOC-00869,Al Muharraq,Muharraq,Baréin,West Asia,Pacific Asia
LOC-00870,Zaozhuang,Shandong,China,Eastern Asia,Pacific Asia
LOC-00871,Xichang,Sichuan,China,Eastern Asia,Pacific Asia
LOC-00872,Dubbo,Nueva Gales del Sur,Australia,Oceania,Pacific Asia
LOC-00873,Nellore,Andhra Pradesh,India,South Asia,Pacific Asia
LOC-00874,Albany,Australia Occidental,Australia,Oceania,Pacific Asia
LOC-00875,Mount Isa,Queensland,Australia,Oceania,Pacific Asia
LOC-00876,Clinton,Maryland,Estados Unidos,East of USA,USCA
LOC-00877,Oswego,Illinois,Estados Unidos,US Center,USCA
LOC-00878,Saint Charles,Illinois,Estados Unidos,US Center,USCA
LOC-00879,Columbus,Georgia,Estados Unidos,South of  USA,USCA
LOC-00880,Decatur,Illinois,Estados Unidos,US Center,USCA
LOC-00881,Costa Mesa,California,Estados Unidos,West of USA,USCA
LOC-00882,Asheville,Carolina del Norte,Estados Unidos,South of  USA,USCA
LOC-00883,Florence,Alabama,Estados Unidos,South of  USA,USCA
LOC-00884,Lowell,Massachusetts,Estados Unidos,East of USA,USCA
LOC-00885,Akron,Ohio,Estados Unidos,East of USA,USCA
LOC-00886,London,Ontario,Canada,Canada,USCA
LOC-00887,Springfield,Virginia,Estados Unidos,South of  USA,USCA
LOC-00888,Henderson,Nevada,Estados Unidos,West of USA,USCA
LOC-00889,North York,Ontario,Canada,Canada,USCA
LOC-00890,Grand Rapids,Michigan,Estados Unidos,US Center,USCA
LOC-00891,Mississauga,Ontario,Canada,Canada,USCA
LOC-00892,Round Rock,Texas,Estados Unidos,US Center,USCA
LOC-00893,Arlington,Texas,Estados Unidos,US Center,USCA
LOC-00894,San Diego,California,Estados Unidos,West of USA,USCA
LOC-00895,Tucson,Arizona,Estados Unidos,West of USA,USCA
LOC-00896,Detroit,Michigan,Estados Unidos,US Center,USCA
LOC-00897,Minneapolis,Minnesota,Estados Unidos,US Center,USCA
LOC-00898,Charlotte,Carolina del Norte,Estados Unidos,South of  USA,USCA
LOC-00899,Windsor,Ontario,Canada,Canada,USCA
LOC-00900,Newport News,Virginia,Estados Unidos,South of  USA,USCA
LOC-00901,Oceanside,Nueva York,Estados Unidos,East of USA,USCA
LOC-00902,Surrey,Columbia británica,Canada,Canada,USCA
LOC-00903,San Antonio,Texas,Estados Unidos,US Center,USCA
LOC-00904,Omaha,Nebraska,Estados Unidos,US Center,USCA
LOC-00905,Baltimore,Maryland,Estados Unidos,East of USA,USCA
LOC-00906,Dallas,Texas,Estados Unidos,US Center,USCA
LOC-00907,Calgary,Alberta,Canada,Canada,USCA
LOC-00908,Jackson,Michigan,Estados Unidos,US Center,USCA
LOC-00909,Columbus,Ohio,Estados Unidos,East of USA,USCA
LOC-00910,Chicago,Illinois,Estados Unidos,US Center,USCA
LOC-00911,Waterbury,Connecticut,Estados Unidos,East of USA,USCA
LOC-00912,Henderson,Kentucky,Estados Unidos,South of  USA,USCA
LOC-00913,Parker,Colorado,Estados Unidos,West of USA,USCA
LOC-00914,Fairfield,California,Estados Unidos,West of USA,USCA
LOC-00915,Fayún,Fayún,Egipto,North Africa,Africa
LOC-00916,Bournemouth,Inglaterra,Reino Unido,Northern Europe,Europe
LOC-00917,Argentan,Normandía,Francia,Western Europe,Europe
LOC-00918,Saint-Michel-sur-Orge,Isla de Francia,Francia,Western Europe,Europe
LOC-00919,Ghent,Flanders Oriental,Bélgica,Western Europe,Europe
LOC-00920,Maisons-Alfort,Isla de Francia,Francia,Western Europe,Europe
LOC-00921,Solihull,Inglaterra,Reino Unido,Northern Europe,Europe
LOC-00922,Perpignan,Languedoc-Rosellón-Mediodía-Pirineos,Francia,Western Europe,Europe
LOC-00923,Ufa,Bashkortostán,Rusia,Eastern Europe,Europe
LOC-00924,Kumanovo,Kumanovo,Macedonia,Southern Europe,Europe
LOC-00925,Athis-Mons,Isla de Francia,Francia,Western Europe,Europe
LOC-00926,Almelo,Overijssel,Países Bajos,Western Europe,Europe
LOC-00927,Odense,Dinamarca Meridional,Dinamarca,Northern Europe,Europe
LOC-00928,Bergheim,Renania del Norte-Westfalia,Alemania,Western Europe,Europe
LOC-00929,Rotterdam,Holanda Meridional,Países Bajos,Western Europe,Europe
LOC-00930,Kaliningrado,Kaliningrado,Rusia,Eastern Europe,Europe
LOC-00931,Bergamo,Lombardía,Italia,Southern Europe,Europe
LOC-00932,Foggia,Apulia,Italia,Southern Europe,Europe
LOC-00933,Mainz,Renania-Palatinado,Alemania,Western Europe,Europe
LOC-00934,Kryvyy Rih,Dnipropetrovsk,Ucrania,Eastern Europe,Europe
LOC-00935,Vila Nova de Gaia,Porto,Portugal,Southern Europe,Europe
LOC-00936,Fontaine,Auvernia-Ródano-Alpes,Francia,Western Europe,Europe
LOC-00937,Issy-les-Moulineaux,Isla de Francia,Francia,Western Europe,Europe
LOC-00938,Apeldoorn,Güeldres,Países Bajos,Western Europe,Europe
LOC-00939,Slupsk,Pomerania,Polonia,Eastern Europe,Europe
LOC-00940,Frederiksberg,Región Capital,Dinamarca,Northern Europe,Europe
LOC-00941,Zagreb,Grad Zagreb,Croacia,Southern Europe,Europe
LOC-00942,Le Creusot,Borgoña-Franco Condado,Francia,Western Europe,Europe
LOC-00943,Huddersfield,Inglaterra,Reino Unido,Northern Europe,Europe
LOC-00944,Hamm,Renania del Norte-Westfalia,Alemania,Western Europe,Europe
LOC-00945,Marly-le-Roi,Isla de Francia,Francia,Western Europe,Europe
LOC-00946,Leeuwarden,Frisia,Países Bajos,Western Europe,Europe
LOC-00947,Budënnovsk,Stávropol,Rusia,Eastern Europe,Europe
LOC-00948,Dundee,Escocia,Reino Unido,Northern Europe,Europe
LOC-00949,Bezons,Isla de Francia,Francia,Western Europe,Europe
LOC-00950,Douarnenez,Bretaña,Francia,Western Europe,Europe
LOC-00951,Constanza,Constanza,Rumania,Eastern Europe,Europe
LOC-00952,Guidonia Montecelio,Lacio,Italia,Southern Europe,Europe
LOC-00953,Viroflay,Isla de Francia,Francia,Western Europe,Europe
LOC-00954,Freiburg,Baden-Wurtemberg,Alemania,Western Europe,Europe
LOC-00955,Hamar,Hedmark,Noruega,Northern Europe,Europe
LOC-00956,Lyon,Auvernia-Ródano-Alpes,Francia,Western Europe,Europe
LOC-00957,Saint-Quentin,Norte-Paso de Calais-Picardía,Francia,Western Europe,Europe
LOC-00958,Bagneux,Isla de Francia,Francia,Western Europe,Europe
LOC-00959,San Galo,San Galo,Suiza,Western Europe,Europe
LOC-00960,Bayreuth,Bavaria,Alemania,Western Europe,Europe
LOC-00961,Varna,Varna,Bulgaria,Eastern Europe,Europe
LOC-00962,Soissons,Norte-Paso de Calais-Picardía,Francia,Western Europe,Europe
LOC-00963,Ostrava,Moravia-Silesia,República Checa,Eastern Europe,Europe
LOC-00964,Liberec,Liberec,República Checa,Eastern Europe,Europe
LOC-00965,Zurich,Zúrich,Suiza,Western Europe,Europe
LOC-00966,Pau,Aquitania-Lemosín-Poitou-Charentes,Francia,Western Europe,Europe
LOC-00967,Capua,Campania,Italia,Southern Europe,Europe
LOC-00968,Ivanovo,Ivanovo,Rusia,Eastern Europe,Europe
LOC-00969,Melilla,Melilla,España,Southern Europe,Europe
LOC-00970,Kaluga,Kaluga,Rusia,Eastern Europe,Europe
LOC-00971,Getafe,Madrid,España,Southern Europe,Europe
LOC-00972,Munster,Baja Sajonia,Alemania,Western Europe,Europe
LOC-00973,Arles,Provenza-Alpes-Costa Azul,Francia,Western Europe,Europe
LOC-00974,Poltava,Poltava,Ucrania,Eastern Europe,Europe
LOC-00975,Basildon,Inglaterra,Reino Unido,Northern Europe,Europe
LOC-00976,Upsala,Upsala,Suecia,Northern Europe,Europe
LOC-00977,Winterthur,Zúrich,Suiza,Western Europe,Europe
LOC-00978,Grosseto,Toscana,Italia,Southern Europe,Europe
LOC-00979,Aligudarz,Lorestan,Irán,South Asia,Pacific Asia
LOC-00980,Taiping,Perak,Malasia,Southeast Asia,Pacific Asia
LOC-00981,Medina,Medina,Arabia Saudí,West Asia,Pacific Asia
LOC-00982,Chennai,Tamil Nadu,India,South Asia,Pacific Asia
LOC-00983,Kuala Lumpur,Kuala Lumpur,Malasia,Southeast Asia,Pacific Asia
LOC-00984,Ad Diwaniyah,Cadisia,Irak,West Asia,Pacific Asia
LOC-00985,Kita-ku,Hyogo,Japón,Eastern Asia,Pacific Asia
LOC-00986,Himeji,Hyogo,Japón,Eastern Asia,Pacific Asia
LOC-00987,Wagga Wagga,Nueva Gales del Sur,Australia,Oceania,Pacific Asia
LOC-00988,Bahawalpur,Punyab,Pakistán,South Asia,Pacific Asia
LOC-00989,Arbil,Arbil,Irak,West Asia,Pacific Asia
LOC-00990,Xi'an,Shaanxi,China,Eastern Asia,Pacific Asia
LOC-00991,Nishinomiya,Hyogo,Japón,Eastern Asia,Pacific Asia
LOC-00992,Shiraz,Fars,Irán,South Asia,Pacific Asia
LOC-00993,Bokaro,Jharkhand,India,South Asia,Pacific Asia
LOC-00994,Wellington,Wellington,Nueva Zelanda,Oceania,Pacific Asia
LOC-00995,Malegaon,Maharashtra,India,South Asia,Pacific Asia
LOC-00996,Liaocheng,Shandong,China,Eastern Asia,Pacific Asia
LOC-00997,Zhengzhou,Henan,China,Eastern Asia,Pacific Asia
LOC-00998,Taizhou,Jiangsu,China,Eastern Asia,Pacific Asia
LOC-00999,Chittagong,Chittagong,Bangladés,South Asia,Pacific Asia
LOC-01000,Thiruvananthapuram,Kerala,India,South Asia,Pacific Asia
LOC-01001,Atsugacho,Hokkaido,Japón,Eastern Asia,Pacific Asia
LOC-01002,Zhanjiang,Guangdong,China,Eastern Asia,Pacific Asia
LOC-01003,Jalalabad,Nangarhar,Afganistán,South Asia,Pacific Asia
LOC-01004,Soma,Manisa,Turquía,West Asia,Pacific Asia
LOC-01005,Rotorua,Bay of Plenty,Nueva Zelanda,Oceania,Pacific Asia
LOC-01006,Agra,Uttar Pradesh,India,South Asia,Pacific Asia
LOC-01007,Kuantan,Pahang,Malasia,Southeast Asia,Pacific Asia
LOC-01008,Yangjiang,Guangdong,China,Eastern Asia,Pacific Asia
LOC-01009,Tiflis,Tiflis,Georgia,West Asia,Pacific Asia
LOC-01010,Mosul,Nínive,Irak,West Asia,Pacific Asia
LOC-01011,Xiaogan,Hubei,China,Eastern Asia,Pacific Asia
LOC-01012,Zanyán,Zanyán,Irán,South Asia,Pacific Asia
LOC-01013,Jincheng,Shanxi,China,Eastern Asia,Pacific Asia
LOC-01014,Depok,Java Occidental,Indonesia,Southeast Asia,Pacific Asia
LOC-01015,Mamak,Ankara,Turquía,West Asia,Pacific Asia
LOC-01016,Nanchang,Jiangxi,China,Eastern Asia,Pacific Asia
LOC-01017,Mianyang,Sichuan,China,Eastern Asia,Pacific Asia
LOC-01018,Xianyang,Shaanxi,China,Eastern Asia,Pacific Asia
LOC-01019,Luoyang,Guangdong,China,Eastern Asia,Pacific Asia
LOC-01020,Nowra,Nueva Gales del Sur,Australia,Oceania,Pacific Asia
LOC-01021,Denpasar,Bali,Indonesia,Southeast Asia,Pacific Asia
LOC-01022,Nanyang,Henan,China,Eastern Asia,Pacific Asia
LOC-01023,Daejeon,Daejeon,Corea del Sur,Eastern Asia,Pacific Asia
LOC-01024,Changzhou,Jiangsu,China,Eastern Asia,Pacific Asia
LOC-01025,Gisborne,Gisborne,Nueva Zelanda,Oceania,Pacific Asia
LOC-01026,Colombo,Occidental,Sri Lanka,South Asia,Pacific Asia
LOC-01027,Takatsuki,Osaka,Japón,Eastern Asia,Pacific Asia
LOC-01028,Devonport,Tasmania,Australia,Oceania,Pacific Asia
LOC-01029,Rach Gia,Kiên Giang,Vietnam,Southeast Asia,Pacific Asia
LOC-01030,Bandar Abbas,Hormozgán,Irán,South Asia,Pacific Asia
LOC-01031,Alexandria,Virginia,Estados Unidos,South of  USA,USCA
LOC-01032,Huntsville,Alabama,Estados Unidos,South of  USA,USCA
LOC-01033,Newark,Delaware,Estados Unidos,East of USA,USCA
LOC-01034,Memphis,Tennessee,Estados Unidos,South of  USA,USCA
LOC-01035,Fayetteville,Arkansas,Estados Unidos,South of  USA,USCA
LOC-01036,Richmond,Virginia,Estados Unidos,South of  USA,USCA
LOC-01037,Richmond,Kentucky,Estados Unidos,South of  USA,USCA
LOC-01038,Springfield,Misuri,Estados Unidos,US Center,USCA
LOC-01039,Lakeland,Florida,Estados Unidos,South of  USA,USCA
LOC-01040,Auburn,Nueva York,Estados Unidos,East of USA,USCA
LOC-01041,Springfield,Ohio,Estados Unidos,East of USA,USCA
LOC-01042,Pharr,Texas,Estados Unidos,US Center,USCA
LOC-01043,Hempstead,Nueva York,Estados Unidos,East of USA,USCA
LOC-01044,Louisville,Kentucky,Estados Unidos,South of  USA,USCA
LOC-01045,Wichita,Kansas,Estados Unidos,US Center,USCA
LOC-01046,Fort Worth,Texas,Estados Unidos,US Center,USCA
LOC-01047,Columbia,Maryland,Estados Unidos,East of USA,USCA
LOC-01048,Atlanta,Georgia,Estados Unidos,South of  USA,USCA
LOC-01049,Odessa,Texas,Estados Unidos,US Center,USCA
LOC-01050,Saanich,Columbia británica,Canada,Canada,USCA
LOC-01051,Las Vegas,Nevada,Estados Unidos,West of USA,USCA
LOC-01052,Morgan Hill,California,Estados Unidos,West of USA,USCA
LOC-01053,Portland,Oregón,Estados Unidos,West of USA,USCA
LOC-01054,Buffalo,Nueva York,Estados Unidos,East of USA,USCA
LOC-01055,Amarillo,Texas,Estados Unidos,US Center,USCA
LOC-01056,Tampa,Florida,Estados Unidos,South of  USA,USCA
LOC-01057,Frisco,Texas,Estados Unidos,US Center,USCA
LOC-01058,Jacksonville,Carolina del Norte,Estados Unidos,South of  USA,USCA
LOC-01059,Tallahassee,Florida,Estados Unidos,South of  USA,USCA
LOC-01060,Lewiston,Maine,Estados Unidos,East of USA,USCA
LOC-01061,Port Saint Lucie,Florida,Estados Unidos,South of  USA,USCA
LOC-01062,Saint Louis,Misuri,Estados Unidos,US Center,USCA
LOC-01063,Lawrence,Massachusetts,Estados Unidos,East of USA,USCA
LOC-01064,Saskatoon,Saskatchewan,Canada,Canada,USCA
LOC-01065,Redmond,Oregón,Estados Unidos,West of USA,USCA
LOC-01066,Fayetteville,Carolina del Norte,Estados Unidos,South of  USA,USCA
LOC-01067,Rome,Nueva York,Estados Unidos,East of USA,USCA
LOC-01068,Edea,Littoral,Camerún,Central Africa,Africa
LOC-01069,Chitungwiza,Harare,Zimbabue,East Africa,Africa
LOC-01070,Harare,Harare,Zimbabue,East Africa,Africa
LOC-01071,Lubumbashi,Katanga,República Democrática del Congo,Central Africa,Africa
LOC-01072,Djougou,Donga,Benín,West Africa,Africa
LOC-01073,Keren,Anseba,Eritrea,East Africa,Africa
LOC-01074,Ouagadougou,Centro,Burkina Faso,West Africa,Africa
LOC-01075,Ennigerloh,Renania del Norte-Westfalia,Alemania,Western Europe,Europe
LOC-01076,Solingen,Renania del Norte-Westfalia,Alemania,Western Europe,Europe
LOC-01077,Naples,Campania,Italia,Southern Europe,Europe
LOC-01078,Langen,Baja Sajonia,Alemania,Western Europe,Europe
LOC-01079,Ramnicu Valcea,Vâlcea,Rumania,Eastern Europe,Europe
LOC-01080,Mansfield,Inglaterra,Reino Unido,Northern Europe,Europe
LOC-01081,Montmorency,Isla de Francia,Francia,Western Europe,Europe
LOC-01082,Oldenburg,Baja Sajonia,Alemania,Western Europe,Europe
LOC-01083,Ivry-sur-Seine,Isla de Francia,Francia,Western Europe,Europe
LOC-01084,Saint-Denis,Isla de Francia,Francia,Western Europe,Europe
LOC-01085,Poole,Inglaterra,Reino Unido,Northern Europe,Europe
LOC-01086,Boulogne-sur-Mer,Norte-Paso de Calais-Picardía,Francia,Western Europe,Europe
LOC-01087,Champigny-sur-Marne,Isla de Francia,Francia,Western Europe,Europe
LOC-01088,Brest,Brest,Bielorrusia,Eastern Europe,Europe
LOC-01089,Suihua,Heilongjiang,China,Eastern Asia,Pacific Asia
LOC-01090,Wuchuan,Guangdong,China,Eastern Asia,Pacific Asia
LOC-01091,Rohtak,Haryana,India,South Asia,Pacific Asia
LOC-01092,San Jose del Monte,Luzón Central,Filipinas,Southeast Asia,Pacific Asia
LOC-01093,Santa Rosa,Rio Grande do Sul,Brasil,South America,LATAM
LOC-01094,Masaya,Masaya,Nicaragua,Central America,LATAM
LOC-01095,Soyapango,San Salvador,El Salvador,Central America,LATAM
LOC-01096,Medellín,Antioquía,Colombia,South America,LATAM
LOC-01097,Nicoya,Guanacaste,Costa Rica,Central America,LATAM
LOC-01098,Ribeirão Preto,São Paulo,Brasil,South America,LATAM
LOC-01099,Estelí,Estelí,Nicaragua,Central America,LATAM
LOC-01100,Itapevi,São Paulo,Brasil,South America,LATAM
LOC-01101,Oruro,Oruro,Bolivia,South America,LATAM
LOC-01102,Progreso,Yucatán,México,Central America,LATAM
LOC-01103,Curitiba,Paraná,Brasil,South America,LATAM
LOC-01104,Toluca,México,México,Central America,LATAM
LOC-01105,Fortaleza,Ceará,Brasil,South America,LATAM
LOC-01106,Avellaneda,Santa Fe,Argentina,South America,LATAM
LOC-01107,Azcapotzalco,Distrito Federal,México,Central America,LATAM
LOC-01108,Porto-Novo,Ouémé,Benín,West Africa,Africa
LOC-01109,Nigde,Nigde,Turquía,West Asia,Pacific Asia
LOC-01110,Ardahan,Ardahan,Turquía,West Asia,Pacific Asia
LOC-01111,Maltepe,Estambul,Turquía,West Asia,Pacific Asia
LOC-01112,Magnitogorsk,Cheliábinsk,Rusia,Eastern Europe,Europe
LOC-01113,Kananga,Kasai Occidental,República Democrática del Congo,Central Africa,Africa
LOC-01114,Poznan,Gran Polonia,Polonia,Eastern Europe,Europe
LOC-01115,Mbandaka,Équateur,República Democrática del Congo,Central Africa,Africa
LOC-01116,Akhisar,Manisa,Turquía,West Asia,Pacific Asia
LOC-01117,Tamale,Septentrional,Ghana,West Africa,Africa
LOC-01118,Sanliurfa,Sanliurfa,Turquía,West Asia,Pacific Asia
LOC-01119,Kahramanmara?,Kahramanmara?,Turquía,West Asia,Pacific Asia
LOC-01120,Ankara,Ankara,Turquía,West Asia,Pacific Asia
LOC-01121,Haifa,Haifa,Israel,West Asia,Pacific Asia
LOC-01122,Toronto,Ontario,Canada,Canada,USCA
LOC-01123,Rabat,Rabat-Salé-Zemur-Zaer,Marruecos,North Africa,Africa
LOC-01124,Kaduna,Kaduna,Nigeria,West Africa,Africa
LOC-01125,Uskudar,Estambul,Turquía,West Asia,Pacific Asia
LOC-01126,Thies Nones,Thiès,Senegal,West Africa,Africa
LOC-01127,Orán,Orán,Argelia,North Africa,Africa
LOC-01128,Sacramento,California,Estados Unidos,West of USA,USCA
LOC-01129,Clarksville,Tennessee,Estados Unidos,South of  USA,USCA
LOC-01130,Noblesville,Indiana,Estados Unidos,US Center,USCA
LOC-01131,Lakewood,Nueva Jersey,Estados Unidos,East of USA,USCA
LOC-01132,Wheeling,Virginia Occidental,Estados Unidos,East of USA,USCA
LOC-01133,Chester,Pensilvania,Estados Unidos,East of USA,USCA
LOC-01134,Spokane,Washington,Estados Unidos,West of USA,USCA
LOC-01135,Cambridge,Massachusetts,Estados Unidos,East of USA,USCA
LOC-01136,Little Rock,Arkansas,Estados Unidos,South of  USA,USCA
LOC-01137,Jackson,Misisipi,Estados Unidos,South of  USA,USCA
LOC-01138,Medina,Ohio,Estados Unidos,East of USA,USCA
LOC-01139,Wilmington,Delaware,Estados Unidos,East of USA,USCA
LOC-01140,Broken Arrow,Oklahoma,Estados Unidos,US Center,USCA
LOC-01141,Chesapeake,Virginia,Estados Unidos,South of  USA,USCA
LOC-01142,Englewood,Colorado,Estados Unidos,West of USA,USCA
LOC-01143,Phoenix,Arizona,Estados Unidos,West of USA,USCA
LOC-01144,Southaven,Misisipi,Estados Unidos,South of  USA,USCA
LOC-01145,Redlands,California,Estados Unidos,West of USA,USCA
LOC-01146,Quincy,Illinois,Estados Unidos,US Center,USCA
LOC-01147,Saint Paul,Minnesota,Estados Unidos,US Center,USCA
LOC-01148,Harrisonburg,Virginia,Estados Unidos,South of  USA,USCA
LOC-01149,New Albany,Indiana,Estados Unidos,US Center,USCA
LOC-01150,Griffith,Nueva Gales del Sur,Australia,Oceania,Pacific Asia
LOC-01151,Fushun,Liaoning,China,Eastern Asia,Pacific Asia
LOC-01152,Moradabad,Uttar Pradesh,India,South Asia,Pacific Asia
LOC-01153,Nagercoil,Tamil Nadu,India,South Asia,Pacific Asia
LOC-01154,Yunyang,Henan,China,Eastern Asia,Pacific Asia
LOC-01155,Kulti,Bengala Occidental,India,South Asia,Pacific Asia
LOC-01156,Imphal,Manipur,India,South Asia,Pacific Asia
LOC-01157,Pisa,Toscana,Italia,Southern Europe,Europe
LOC-01158,Amadora,Lisboa,Portugal,Southern Europe,Europe
LOC-01159,Tilburg,Brabante Septentrional,Países Bajos,Western Europe,Europe
LOC-01160,Naumburg,Sajonia-Anhalt,Alemania,Western Europe,Europe
LOC-01161,Valdemoro,Madrid,España,Southern Europe,Europe
LOC-01162,Olivet,Centro-Valle de Loira,Francia,Western Europe,Europe
LOC-01163,Epinal,Alsacia-Champaña-Ardenas-Lorena,Francia,Western Europe,Europe
LOC-01164,Avellino,Campania,Italia,Southern Europe,Europe
LOC-01165,Schiedam,Holanda Meridional,Países Bajos,Western Europe,Europe
LOC-01166,Ravenna,Emilia-Romaña,Italia,Southern Europe,Europe
LOC-01167,Flers,Normandía,Francia,Western Europe,Europe
LOC-01168,Emden,Baja Sajonia,Alemania,Western Europe,Europe
LOC-01169,Rimini,Emilia-Romaña,Italia,Southern Europe,Europe
LOC-01170,Surubim,Pernambuco,Brasil,South America,LATAM
LOC-01171,Pontes e Lacerda,Mato Grosso,Brasil,South America,LATAM
LOC-01172,Coyoacán,Distrito Federal,México,Central America,LATAM
LOC-01173,Arauca,Arauca,Colombia,South America,LATAM
LOC-01174,Choloma,Cortés,Honduras,Central America,LATAM
LOC-01175,Soledad Díez Gutiérrez,San Luis Potosí,México,Central America,LATAM
LOC-01176,San Rafael,Mendoza,Argentina,South America,LATAM
LOC-01177,Milpa Alta,Distrito Federal,México,Central America,LATAM
LOC-01178,Feira de Santana,Bahía,Brasil,South America,LATAM
LOC-01179,Francisco Beltrão,Paraná,Brasil,South America,LATAM
LOC-01180,Araguaína,Tocantins,Brasil,South America,LATAM
LOC-01181,San José de las Lajas,Mayabeque,Cuba,Caribbean,LATAM
LOC-01182,San Pablo de las Salinas,México,México,Central America,LATAM
LOC-01183,Gómez Palacio,Durango,México,Central America,LATAM
LOC-01184,Eunápolis,Bahía,Brasil,South America,LATAM
LOC-01185,Palma Soriano,Santiago de Cuba,Cuba,Caribbean,LATAM
LOC-01186,Neiva,Huila,Colombia,South America,LATAM
LOC-01187,Matanzas,Matanzas,Cuba,Caribbean,LATAM
LOC-01188,Bello,Antioquía,Colombia,South America,LATAM
LOC-01189,Santa Clara,Villa Clara,Cuba,Caribbean,LATAM
LOC-01190,Betim,Minas Gerais,Brasil,South America,LATAM
LOC-01191,Puerto Montt,Los Lagos,Chile,South America,LATAM
LOC-01192,Anápolis,Goiás,Brasil,South America,LATAM
LOC-01193,Santa Ana,Santa Ana,El Salvador,Central America,LATAM
LOC-01194,Morelia,Michoacán,México,Central America,LATAM
LOC-01195,Puerto La Cruz,Anzoátegui,Venezuela,South America,LATAM
LOC-01196,La Romana,La Romana,República Dominicana,Caribbean,LATAM
LOC-01197,Santa Cruz de Barahona,Barahona,República Dominicana,Caribbean,LATAM
LOC-01198,Barra Mansa,Río de Janeiro,Brasil,South America,LATAM
LOC-01199,Salvador,Bahía,Brasil,South America,LATAM
LOC-01200,João Pessoa,Paraíba,Brasil,South America,LATAM
LOC-01201,Nuevo Laredo,Tamaulipas,México,Central America,LATAM
LOC-01202,Santo Domingo de los Colorados,Pichincha,Ecuador,South America,LATAM
LOC-01203,La Vega,La Vega,República Dominicana,Caribbean,LATAM
LOC-01204,Santa Marta,Magdalena,Colombia,South America,LATAM
LOC-01205,Mendoza,Mendoza,Argentina,South America,LATAM
LOC-01206,Bagcilar,Estambul,Turquía,West Asia,Pacific Asia
LOC-01207,Ivano-Frankivs'k,Ivano-Frankivsk,Ucrania,Eastern Europe,Europe
LOC-01208,Mwanza,Mwanza,Tanzania,East Africa,Africa
LOC-01209,Benghazi,Bengasi,Libia,North Africa,Africa
LOC-01210,Arkhangelsk,Arjánguelsk,Rusia,Eastern Europe,Europe
LOC-01211,Jizán,Jizán,Arabia Saudí,West Asia,Pacific Asia
LOC-01212,Tivoli,Lacio,Italia,Southern Europe,Europe
LOC-01213,Cachan,Isla de Francia,Francia,Western Europe,Europe
LOC-01214,Les Pavillons-sous-Bois,Isla de Francia,Francia,Western Europe,Europe
LOC-01215,Lodz,Lodz,Polonia,Eastern Europe,Europe
LOC-01216,Kremenchuk,Poltava,Ucrania,Eastern Europe,Europe
LOC-01217,Villeneuve-d'Ascq,Norte-Paso de Calais-Picardía,Francia,Western Europe,Europe
LOC-01218,Radom,Mazovia,Polonia,Eastern Europe,Europe
LOC-01219,Bourgoin-Jallieu,Auvernia-Ródano-Alpes,Francia,Western Europe,Europe
LOC-01220,Hildesheim,Baja Sajonia,Alemania,Western Europe,Europe
LOC-01221,Villiers-sur-Marne,Isla de Francia,Francia,Western Europe,Europe
LOC-01222,Marina di Carrara,Toscana,Italia,Southern Europe,Europe
LOC-01223,Siauliai,iauliai,Lituania,Northern Europe,Europe
LOC-01224,Blackpool,Inglaterra,Reino Unido,Northern Europe,Europe
LOC-01225,Heerlen,Limburgo,Países Bajos,Western Europe,Europe
LOC-01226,Solna,Estocolmo,Suecia,Northern Europe,Europe
LOC-01227,Domont,Isla de Francia,Francia,Western Europe,Europe
LOC-01228,Puteaux,Isla de Francia,Francia,Western Europe,Europe
LOC-01229,Erfurt,Turingia,Alemania,Western Europe,Europe
LOC-01230,Santa Fe,Santa Fe,Argentina,South America,LATAM
LOC-01231,San Francisco del Rincón,Guanajuato,México,Central America,LATAM
LOC-01232,Porto Alegre,Rio Grande do Sul,Brasil,South America,LATAM
LOC-01233,Miguel Hidalgo,Distrito Federal,México,Central America,LATAM
LOC-01234,Heroica Zitácuaro,Michoacán,México,Central America,LATAM
LOC-01235,Veracruz,Veracruz,México,Central America,LATAM
LOC-01236,Choluteca,Choluteca,Honduras,Central America,LATAM
LOC-01237,Resende,Río de Janeiro,Brasil,South America,LATAM
LOC-01238,San Cristóbal de Las Casas,Chiapas,México,Central America,LATAM
LOC-01239,Tuxtla Gutiérrez,Chiapas,México,Central America,LATAM
LOC-01240,Mossoró,Río Grande del Norte,Brasil,South America,LATAM
LOC-01241,Celaya,Guanajuato,México,Central America,LATAM
LOC-01242,Gonaïves,Artibonito,Haití,Caribbean,LATAM
LOC-01243,Sancti Spíritus,Sancti Spíritus,Cuba,Caribbean,LATAM
LOC-01244,Armenia,Quindío,Colombia,South America,LATAM
LOC-01245,Metepec,México,México,Central America,LATAM
LOC-01246,Tulancingo,Hidalgo,México,Central America,LATAM
LOC-01247,Castanhal,Pará,Brasil,South America,LATAM
LOC-01248,Bucaramanga,Santander,Colombia,South America,LATAM
LOC-01249,Soledad,Atlántico,Colombia,South America,LATAM
LOC-01250,Acuña,Coahuila,México,Central America,LATAM
LOC-01251,Itaúna,Minas Gerais,Brasil,South America,LATAM
LOC-01252,San Fernando,San Fernando,Trinidad y Tobago,Caribbean,LATAM
LOC-01253,El Limón,Aragua,Venezuela,South America,LATAM
LOC-01254,Barranquilla,Atlántico,Colombia,South America,LATAM
LOC-01255,Poza Rica de Hidalgo,Veracruz,México,Central America,LATAM
LOC-01256,Altamira,Pará,Brasil,South America,LATAM
LOC-01257,Mexicali,Baja California,México,Central America,LATAM
LOC-01258,Ponte Nova,Minas Gerais,Brasil,South America,LATAM
LOC-01259,San Juan,San Juan,Argentina,South America,LATAM
LOC-01260,Manzanillo,Granma,Cuba,Caribbean,LATAM
LOC-01261,Callao,Callao,Perú,South America,LATAM
LOC-01262,Montenegro,Quindío,Colombia,South America,LATAM
LOC-01263,Caxias do Sul,Rio Grande do Sul,Brasil,South America,LATAM
LOC-01264,Delgado,San Salvador,El Salvador,Central America,LATAM
LOC-01265,Blumenau,Santa Catarina,Brasil,South America,LATAM
LOC-01266,Las Piedras,Canelones,Uruguay,South America,LATAM
LOC-01267,Colón,Colón,Panamá,Central America,LATAM
LOC-01268,Teresina,Piauí,Brasil,South America,LATAM
LOC-01269,Gaziantep,Gaziantep,Turquía,West Asia,Pacific Asia
LOC-01270,Busan,Busan,Corea del Sur,Eastern Asia,Pacific Asia
LOC-01271,Konya,Konya,Turquía,West Asia,Pacific Asia
LOC-01272,Bunbury,Australia Occidental,Australia,Oceania,Pacific Asia
LOC-01273,Surat,Guyarat,India,South Asia,Pacific Asia
LOC-01274,Laiyang,Shandong,China,Eastern Asia,Pacific Asia
LOC-01275,Bhatpara,Bengala Occidental,India,South Asia,Pacific Asia
LOC-01276,Malayer,Hamadán,Irán,South Asia,Pacific Asia
LOC-01277,Parbhani,Maharashtra,India,South Asia,Pacific Asia
LOC-01278,Karagandá,Karagandá,Kazajistán,Central Asia,Pacific Asia
LOC-01279,Huaibei,Anhui,China,Eastern Asia,Pacific Asia
LOC-01280,Matsubara,Oita,Japón,Eastern Asia,Pacific Asia
LOC-01281,Harbin,Heilongjiang,China,Eastern Asia,Pacific Asia
LOC-01282,Baotou,Mongolia Interior,China,Eastern Asia,Pacific Asia
LOC-01283,Bhubaneswar,Odisha,India,South Asia,Pacific Asia
LOC-01284,Gongzhuling,Jilin,China,Eastern Asia,Pacific Asia
LOC-01285,Bhatinda,Punyab,India,South Asia,Pacific Asia
LOC-01286,Alice Springs,Territorio del Norte,Australia,Oceania,Pacific Asia
LOC-01287,Granada,Granada,Nicaragua,Central America,LATAM
LOC-01288,Escuintla,Escuintla,Guatemala,Central America,LATAM
LOC-01289,Pilar,Alagoas,Brasil,South America,LATAM
LOC-01290,Caracas,Distrito Capital,Venezuela,South America,LATAM
LOC-01291,León,Guanajuato,México,Central America,LATAM
LOC-01292,Cabo Frio,Río de Janeiro,Brasil,South America,LATAM
LOC-01293,Valinhos,São Paulo,Brasil,South America,LATAM
LOC-01294,Tlalnepantla,México,México,Central America,LATAM
LOC-01295,Obregón,Sonora,México,Central America,LATAM
LOC-01296,El Progreso,Yoro,Honduras,Central America,LATAM
LOC-01297,General Escobedo,Nuevo León,México,Central America,LATAM
LOC-01298,San Luis Río Colorado,Sonora,México,Central America,LATAM
LOC-01299,Contramaestre,Santiago de Cuba,Cuba,Caribbean,LATAM
LOC-01300,Talcahuano,Bío-Bío,Chile,South America,LATAM
LOC-01301,Victoria,Tamaulipas,México,Central America,LATAM
LOC-01302,Reynosa,Tamaulipas,México,Central America,LATAM
LOC-01303,Bridgetown,San Miguel,Barbados,Caribbean,LATAM
LOC-01304,São Gonçalo,Río de Janeiro,Brasil,South America,LATAM
LOC-01305,Penedo,Alagoas,Brasil,South America,LATAM
LOC-01306,Moa,Holguín,Cuba,Caribbean,LATAM
LOC-01307,Los Mochis,Sinaloa,México,Central America,LATAM
LOC-01308,Maracaibo,Zulia,Venezuela,South America,LATAM
LOC-01309,Recife,Pernambuco,Brasil,South America,LATAM
LOC-01310,Guacara,Carabobo,Venezuela,South America,LATAM
LOC-01311,Villa Frontera,Coahuila,México,Central America,LATAM
LOC-01312,Madero,Tamaulipas,México,Central America,LATAM
LOC-01313,Iguala,Guerrero,México,Central America,LATAM
LOC-01314,Cochabamba,Cochabamba,Bolivia,South America,LATAM
LOC-01315,Consolación del Sur,Pinar del Río,Cuba,Caribbean,LATAM
LOC-01316,Igarassu,Pernambuco,Brasil,South America,LATAM
LOC-01317,Manizales,Caldas,Colombia,South America,LATAM
LOC-01318,Guasave,Sinaloa,México,Central America,LATAM
LOC-01319,Mérida,Yucatán,México,Central America,LATAM
LOC-01320,Pindamonhangaba,São Paulo,Brasil,South America,LATAM
LOC-01321,Barquisimeto,Lara,Venezuela,South America,LATAM
LOC-01322,Açu,Río Grande del Norte,Brasil,South America,LATAM
LOC-01323,Yopal,Casanare,Colombia,South America,LATAM
LOC-01324,Sylhet,Sylhet,Bangladés,South Asia,Pacific Asia
LOC-01325,Hamilton,Waikato,Nueva Zelanda,Oceania,Pacific Asia
LOC-01326,Kulob,Khatlon,Tayikistán,Central Asia,Pacific Asia
LOC-01327,Shangqiu,Henan,China,Eastern Asia,Pacific Asia
LOC-01328,Pematangsiantar,Sumatra Septentrional,Indonesia,Southeast Asia,Pacific Asia
LOC-01329,Almaty,Ciudad de Almatý,Kazajistán,Central Asia,Pacific Asia
LOC-01330,Pontianak,Borneo Occidental,Indonesia,Southeast Asia,Pacific Asia
LOC-01331,Ekibastuz,Pavlodar,Kazajistán,Central Asia,Pacific Asia
LOC-01332,Palmerston North,Manawatu-Wanganui,Nueva Zelanda,Oceania,Pacific Asia
LOC-01333,Srinagar,Jammu y Cachemira,India,South Asia,Pacific Asia
LOC-01334,Gorakhpur,Uttar Pradesh,India,South Asia,Pacific Asia
LOC-01335,Homs,Hims,Siria,West Asia,Pacific Asia
LOC-01336,Benxi,Liaoning,China,Eastern Asia,Pacific Asia
LOC-01337,Katoomba,Nueva Gales del Sur,Australia,Oceania,Pacific Asia
LOC-01338,Dumai,Riau,Indonesia,Southeast Asia,Pacific Asia
LOC-01339,Bogor,Java Occidental,Indonesia,Southeast Asia,Pacific Asia
LOC-01340,Varanasi,Uttar Pradesh,India,South Asia,Pacific Asia
LOC-01341,Dewas,Madhya Pradesh,India,South Asia,Pacific Asia
LOC-01342,Amritsar,Punyab,India,South Asia,Pacific Asia
LOC-01343,Al Hillah,Babilonia,Irak,West Asia,Pacific Asia
LOC-01344,Kakinada,Andhra Pradesh,India,South Asia,Pacific Asia
LOC-01345,Khulna,Khulna,Bangladés,South Asia,Pacific Asia
LOC-01346,Korba,Chhattisgarh,India,South Asia,Pacific Asia
LOC-01347,Cormeilles-en-Parisis,Isla de Francia,Francia,Western Europe,Europe
LOC-01348,Ferrara,Emilia-Romaña,Italia,Southern Europe,Europe
LOC-01349,Herne,Renania del Norte-Westfalia,Alemania,Western Europe,Europe
LOC-01350,Manaus,Amazonas,Brasil,South America,LATAM
LOC-01351,Puerto Padre,Las Tunas,Cuba,Caribbean,LATAM
LOC-01352,Les Abymes,Guadalupe,Guadalupe,Caribbean,LATAM
LOC-01353,Colima,Colima,México,Central America,LATAM
LOC-01354,Nova Serrana,Minas Gerais,Brasil,South America,LATAM
LOC-01355,Huancayo,Junín,Perú,South America,LATAM
LOC-01356,Paraná,Entre Ríos,Argentina,South America,LATAM
LOC-01357,Ashdod,Meridional,Israel,West Asia,Pacific Asia
LOC-01358,Hohhot,Mongolia Interior,China,Eastern Asia,Pacific Asia
LOC-01359,Fengcheng,Liaoning,China,Eastern Asia,Pacific Asia
LOC-01360,Port Moresby,Capital Nacional,Papúa Nueva Guinea,Oceania,Pacific Asia
LOC-01361,Fukuyama,Hiroshima,Japón,Eastern Asia,Pacific Asia
LOC-01362,Turgutlu,Manisa,Turquía,West Asia,Pacific Asia
LOC-01363,Smyrna,Tennessee,Estados Unidos,South of  USA,USCA
LOC-01364,Wilmington,Carolina del Norte,Estados Unidos,South of  USA,USCA
LOC-01365,Ibadan,Oyo,Nigeria,West Africa,Africa
LOC-01366,Katsina,Katsina,Nigeria,West Africa,Africa
LOC-01367,Cesena,Emilia-Romaña,Italia,Southern Europe,Europe
LOC-01368,Farnborough,Inglaterra,Reino Unido,Northern Europe,Europe
LOC-01369,San Nicolás de los Arroyos,Buenos Aires (provincia),Argentina,South America,LATAM
LOC-01370,Jieyang,Guangdong,China,Eastern Asia,Pacific Asia
LOC-01371,Columbia,Carolina del Sur,Estados Unidos,South of  USA,USCA
LOC-01372,Franklin,Tennessee,Estados Unidos,South of  USA,USCA
LOC-01373,São Leopoldo,Rio Grande do Sul,Brasil,South America,LATAM
LOC-01374,Klaip?da,Klaip?da,Lituania,Northern Europe,Europe
LOC-01375,Gómel,Gómel,Bielorrusia,Eastern Europe,Europe
LOC-01376,Broken Hill,Nueva Gales del Sur,Australia,Oceania,Pacific Asia
LOC-01377,Kunming,Yunnan,China,Eastern Asia,Pacific Asia
LOC-01378,Sukabumi,Java Occidental,Indonesia,Southeast Asia,Pacific Asia
LOC-01379,Bijapur,Karnataka,India,South Asia,Pacific Asia
LOC-01380,Raleigh,Carolina del Norte,Estados Unidos,South of  USA,USCA
LOC-01381,Moca,Espaillat,República Dominicana,Caribbean,LATAM
LOC-01382,Bulawayo,Bulawayo,Zimbabue,East Africa,Africa
LOC-01383,Malanje,Malanje,Angola,Central Africa,Africa
LOC-01384,Reus,Cataluña,España,Southern Europe,Europe
LOC-01385,Neuilly-sur-Marne,Isla de Francia,Francia,Western Europe,Europe
LOC-01386,Irkutsk,Irkutsk,Rusia,Eastern Europe,Europe
LOC-01387,Quimper,Bretaña,Francia,Western Europe,Europe
LOC-01388,Horlivka,Donetsk,Ucrania,Eastern Europe,Europe
LOC-01389,Mannheim,Baden-Wurtemberg,Alemania,Western Europe,Europe
LOC-01390,Blenheim,Marlborough,Nueva Zelanda,Oceania,Pacific Asia
LOC-01391,Kukatpalli,Telangana,India,South Asia,Pacific Asia
LOC-01392,Las Pinas,Capital Nacional,Filipinas,Southeast Asia,Pacific Asia
LOC-01393,Changzhi,Shanxi,China,Eastern Asia,Pacific Asia
LOC-01394,Changchun,Jilin,China,Eastern Asia,Pacific Asia
LOC-01395,Baku,Baki,Azerbaiyán,West Asia,Pacific Asia
LOC-01396,Yanbu al Bahr,Medina,Arabia Saudí,West Asia,Pacific Asia
LOC-01397,Khorramabad,Lorestan,Irán,South Asia,Pacific Asia
LOC-01398,Chaoyang,Liaoning,China,Eastern Asia,Pacific Asia
LOC-01399,Jiangyou,Sichuan,China,Eastern Asia,Pacific Asia
LOC-01400,Seremban,Negeri Sembilan,Malasia,Southeast Asia,Pacific Asia
LOC-01401,Ceyhan,Adana,Turquía,West Asia,Pacific Asia
LOC-01402,Warangal,Telangana,India,South Asia,Pacific Asia
LOC-01403,Tiruchchirappalli,Tamil Nadu,India,South Asia,Pacific Asia
LOC-01404,Pekanbaru,Riau,Indonesia,Southeast Asia,Pacific Asia
LOC-01405,Licheng,Jiangsu,China,Eastern Asia,Pacific Asia
LOC-01406,Wodonga,Victoria,Australia,Oceania,Pacific Asia
LOC-01407,Lucknow,Uttar Pradesh,India,South Asia,Pacific Asia
LOC-01408,Darbhanga,Bihar,India,South Asia,Pacific Asia
LOC-01409,Hyderabad,Sind,Pakistán,South Asia,Pacific Asia
LOC-01410,Kuching,Sarawak,Malasia,Southeast Asia,Pacific Asia
LOC-01411,Jieshou,Anhui,China,Eastern Asia,Pacific Asia
LOC-01412,Lanxi,Zhejiang,China,Eastern Asia,Pacific Asia
LOC-01413,Mount Gambier,Australia del Sur,Australia,Oceania,Pacific Asia
LOC-01414,Wenling,Zhejiang,China,Eastern Asia,Pacific Asia
LOC-01415,Melton,Victoria,Australia,Oceania,Pacific Asia
LOC-01416,Jiangmen,Guangdong,China,Eastern Asia,Pacific Asia
LOC-01417,Meerut,Uttar Pradesh,India,South Asia,Pacific Asia
LOC-01418,Hangu,Tianjin,China,Eastern Asia,Pacific Asia
LOC-01419,Mashhad,Jorasán Razaví,Irán,South Asia,Pacific Asia
LOC-01420,Turkmenabat,Lebap,Turkmenistán,Central Asia,Pacific Asia
LOC-01421,Durgapur,Maharashtra,India,South Asia,Pacific Asia
LOC-01422,Whyalla,Australia del Sur,Australia,Oceania,Pacific Asia
LOC-01423,Traralgon,Victoria,Australia,Oceania,Pacific Asia
LOC-01424,Aurora,Colorado,Estados Unidos,West of USA,USCA
LOC-01425,Salem,Virginia,Estados Unidos,South of  USA,USCA
LOC-01426,Ponferrada,Castilla y León,España,Southern Europe,Europe
LOC-01427,Irun,País Vasco,España,Southern Europe,Europe
LOC-01428,Arezzo,Toscana,Italia,Southern Europe,Europe
LOC-01429,Acireale,Sicilia,Italia,Southern Europe,Europe
LOC-01430,Walsall,Inglaterra,Reino Unido,Northern Europe,Europe
LOC-01431,Alicante,Valenciana,España,Southern Europe,Europe
LOC-01432,Fontainebleau,Isla de Francia,Francia,Western Europe,Europe
LOC-01433,Sevastopol,Sevastopol,Ucrania,Eastern Europe,Europe
LOC-01434,Salina Cruz,Oaxaca,México,Central America,LATAM
LOC-01435,Guayaquil,Guayas,Ecuador,South America,LATAM
LOC-01436,Maringá,Paraná,Brasil,South America,LATAM
LOC-01437,Puente Alto,Santiago de Chile,Chile,South America,LATAM
LOC-01438,San Luis Potosí,San Luis Potosí,México,Central America,LATAM
LOC-01439,San Pedro de Macorís,San Pedro de Macorís,República Dominicana,Caribbean,LATAM
LOC-01440,Itaituba,Pará,Brasil,South America,LATAM
LOC-01441,Piedras Negras,Coahuila,México,Central America,LATAM
LOC-01442,Rancagua,O'Higgins,Chile,South America,LATAM
LOC-01443,Antiguo Cuscatlán,La Libertad,El Salvador,Central America,LATAM
LOC-01444,Santa Catarina,Nuevo León,México,Central America,LATAM
LOC-01445,Jequié,Bahía,Brasil,South America,LATAM
LOC-01446,Baní,Peravia,República Dominicana,Caribbean,LATAM
LOC-01447,Amatitlán,Guatemala,Guatemala,Central America,LATAM
LOC-01448,Simões Filho,Bahía,Brasil,South America,LATAM
LOC-01449,Chapecó,Santa Catarina,Brasil,South America,LATAM
LOC-01450,Resistencia,Chaco,Argentina,South America,LATAM
LOC-01451,Barreirinhas,Marañón,Brasil,South America,LATAM
LOC-01452,Paysandú,Paysandú,Uruguay,South America,LATAM
LOC-01453,Jataí,Goiás,Brasil,South America,LATAM
LOC-01454,Cruzeiro,São Paulo,Brasil,South America,LATAM
LOC-01455,Rivera,Rivera,Uruguay,South America,LATAM
LOC-01456,Uruguaiana,Rio Grande do Sul,Brasil,South America,LATAM
LOC-01457,Arapiraca,Alagoas,Brasil,South America,LATAM
LOC-01458,Guarapuava,Paraná,Brasil,South America,LATAM
LOC-01459,San Francisco de Macorís,Duarte,República Dominicana,Caribbean,LATAM
LOC-01460,Córdoba,Córdoba,Argentina,South America,LATAM
LOC-01461,Campeche,Campeche,México,Central America,LATAM
LOC-01462,Itajaí,Santa Catarina,Brasil,South America,LATAM
LOC-01463,Turmero,Aragua,Venezuela,South America,LATAM
LOC-01464,Bom Jesus da Lapa,Bahía,Brasil,South America,LATAM
LOC-01465,Gaspar,Santa Catarina,Brasil,South America,LATAM
LOC-01466,Linhares,Espíritu Santo,Brasil,South America,LATAM
LOC-01467,Miramar,Tamaulipas,México,Central America,LATAM
LOC-01468,Ilhéus,Bahía,Brasil,South America,LATAM
LOC-01469,Umuarama,Paraná,Brasil,South America,LATAM
LOC-01470,São José dos Campos,São Paulo,Brasil,South America,LATAM
LOC-01471,Ibiúna,São Paulo,Brasil,South America,LATAM
LOC-01472,Praia Grande,São Paulo,Brasil,South America,LATAM
LOC-01473,Cruz das Almas,Bahía,Brasil,South America,LATAM
LOC-01474,Santa Cruz de la Sierra,Santa Cruz,Bolivia,South America,LATAM
LOC-01475,Novo Gama,Goiás,Brasil,South America,LATAM
LOC-01476,Pouso Alegre,Minas Gerais,Brasil,South America,LATAM
LOC-01477,Jacobina,Bahía,Brasil,South America,LATAM
LOC-01478,Asunción,Asunción,Paraguay,South America,LATAM
LOC-01479,Paita,Piura,Perú,South America,LATAM
LOC-01480,Apodaca,Nuevo León,México,Central America,LATAM
LOC-01481,Bayamo,Granma,Cuba,Caribbean,LATAM
LOC-01482,Spanish Town,Santa Caterina,Jamaica,Caribbean,LATAM
LOC-01483,Santo André,São Paulo,Brasil,South America,LATAM
LOC-01484,Ciego de Ávila,Ciego de Ávila,Cuba,Caribbean,LATAM
LOC-01485,Torreón,Coahuila,México,Central America,LATAM
LOC-01486,Limoeiro do Norte,Ceará,Brasil,South America,LATAM
LOC-01487,Cajazeiras,Paraíba,Brasil,South America,LATAM
LOC-01488,Pereira,Risaralda,Colombia,South America,LATAM
LOC-01489,Camaçari,Bahía,Brasil,South America,LATAM
LOC-01490,Franca,São Paulo,Brasil,South America,LATAM
LOC-01491,Tupã,São Paulo,Brasil,South America,LATAM
LOC-01492,Juiz de Fora,Minas Gerais,Brasil,South America,LATAM
LOC-01493,Cajamarca,Cajamarca,Perú,South America,LATAM
LOC-01494,Votuporanga,São Paulo,Brasil,South America,LATAM
LOC-01495,Puerto Vallarta,Jalisco,México,Central America,LATAM
LOC-01496,Chinandega,Chinandega,Nicaragua,Central America,LATAM
LOC-01497,Bayeux,Paraíba,Brasil,South America,LATAM
LOC-01498,Antofagasta,Antofagasta,Chile,South America,LATAM
LOC-01499,Sabanalarga,Atlántico,Colombia,South America,LATAM
LOC-01500,Ji-Paraná,Rondônia,Brasil,South America,LATAM
LOC-01501,San Juan de la Maguana,San Juan,República Dominicana,Caribbean,LATAM
LOC-01502,Araçatuba,São Paulo,Brasil,South America,LATAM
LOC-01503,Canoas,Rio Grande do Sul,Brasil,South America,LATAM
LOC-01504,Cancún,Quintana Roo,México,Central America,LATAM
LOC-01505,San Cristóbal,Táchira,Venezuela,South America,LATAM
LOC-01506,Grajaú,Marañón,Brasil,South America,LATAM
LOC-01507,Kirsehir,Kirsehir,Turquía,West Asia,Pacific Asia
LOC-01508,Sandakan,Sabah,Malasia,Southeast Asia,Pacific Asia
LOC-01509,Asjabad,Asjabad,Turkmenistán,Central Asia,Pacific Asia
LOC-01510,Binzhou,Shandong,China,Eastern Asia,Pacific Asia
LOC-01511,Guiyang,Guizhou,China,Eastern Asia,Pacific Asia
LOC-01512,Lower Hutt,Wellington,Nueva Zelanda,Oceania,Pacific Asia
LOC-01513,Ballarat,Victoria,Australia,Oceania,Pacific Asia
LOC-01514,Calamba,Calabarzón,Filipinas,Southeast Asia,Pacific Asia
LOC-01515,Kashan,Isfahán,Irán,South Asia,Pacific Asia
LOC-01516,Amman,Amán,Jordania,West Asia,Pacific Asia
LOC-01517,Al Mubarraz,Ash Sharqiyah,Arabia Saudí,West Asia,Pacific Asia
LOC-01518,Yazd,Yazd,Irán,South Asia,Pacific Asia
LOC-01519,Sakaka,Al Jawf,Arabia Saudí,West Asia,Pacific Asia
LOC-01520,Chifeng,Mongolia Interior,China,Eastern Asia,Pacific Asia
LOC-01521,Ludhiana,Punyab,India,South Asia,Pacific Asia
LOC-01522,Kermanshah,Kermanshah,Irán,South Asia,Pacific Asia
LOC-01523,Padang,Sumatra Occidental,Indonesia,Southeast Asia,Pacific Asia
LOC-01524,Kowloon,Hong Kong,Hong Kong,Eastern Asia,Pacific Asia
LOC-01525,Kokshetau,Akmola,Kazajistán,Central Asia,Pacific Asia
LOC-01526,Nazilli,Aydin,Turquía,West Asia,Pacific Asia
LOC-01527,Nagasaki,Nagasaki,Japón,Eastern Asia,Pacific Asia
LOC-01528,Sivas,Sivas,Turquía,West Asia,Pacific Asia
LOC-01529,Firozabad,Uttar Pradesh,India,South Asia,Pacific Asia
LOC-01530,Xiamen,Fujian,China,Eastern Asia,Pacific Asia
LOC-01531,Ninghai,Shandong,China,Eastern Asia,Pacific Asia
LOC-01532,Kozhikode,Kerala,India,South Asia,Pacific Asia
LOC-01533,Xintai,Shandong,China,Eastern Asia,Pacific Asia
LOC-01534,Mardin,Mardin,Turquía,West Asia,Pacific Asia
LOC-01535,Kalyan,Maharashtra,India,South Asia,Pacific Asia
LOC-01536,Boulogne-Billancourt,Isla de Francia,Francia,Western Europe,Europe
LOC-01537,Targu Mures,Mures,Rumania,Eastern Europe,Europe
LOC-01538,Donets'k,Donetsk,Ucrania,Eastern Europe,Europe
LOC-01539,Jerez de la Frontera,Andalucía,España,Southern Europe,Europe
LOC-01540,Oberhausen,Renania del Norte-Westfalia,Alemania,Western Europe,Europe
LOC-01541,Pontoise,Isla de Francia,Francia,Western Europe,Europe
LOC-01542,Crawley,Inglaterra,Reino Unido,Northern Europe,Europe
LOC-01543,Wasquehal,Norte-Paso de Calais-Picardía,Francia,Western Europe,Europe
LOC-01544,Miass,Cheliábinsk,Rusia,Eastern Europe,Europe
LOC-01545,Villach,Carintia,Austria,Western Europe,Europe
LOC-01546,Vladímir,Vladímir,Rusia,Eastern Europe,Europe
LOC-01547,Annemasse,Auvernia-Ródano-Alpes,Francia,Western Europe,Europe
LOC-01548,Metz,Alsacia-Champaña-Ardenas-Lorena,Francia,Western Europe,Europe
LOC-01549,Levallois-Perret,Isla de Francia,Francia,Western Europe,Europe
LOC-01550,Givors,Auvernia-Ródano-Alpes,Francia,Western Europe,Europe
LOC-01551,Bélgorod,Bélgorod,Rusia,Eastern Europe,Europe
LOC-01552,Menden,Renania del Norte-Westfalia,Alemania,Western Europe,Europe
LOC-01553,Arraiján,Panamá,Panamá,Central America,LATAM
LOC-01554,Rosario,Santa Fe,Argentina,South America,LATAM
LOC-01555,Concepción del Uruguay,Entre Ríos,Argentina,South America,LATAM
LOC-01556,Viña del Mar,Valparaíso,Chile,South America,LATAM
LOC-01557,Apatzingán de la Constitución,Michoacán,México,Central America,LATAM
LOC-01558,Tecomán,Colima,México,Central America,LATAM
LOC-01559,Vitória,Espíritu Santo,Brasil,South America,LATAM
LOC-01560,Portoviejo,Manabí,Ecuador,South America,LATAM
LOC-01561,Trinidad,El Beni,Bolivia,South America,LATAM
LOC-01562,Passo Fundo,Rio Grande do Sul,Brasil,South America,LATAM
LOC-01563,Aracaju,Sergipe,Brasil,South America,LATAM
LOC-01564,San Andrés Tuxtla,Veracruz,México,Central America,LATAM
LOC-01565,Jamundí,Valle del Cauca,Colombia,South America,LATAM
LOC-01566,Tehuacán,Puebla,México,Central America,LATAM
LOC-01567,Lagos de Moreno,Jalisco,México,Central America,LATAM
LOC-01568,São Miguel dos Campos,Alagoas,Brasil,South America,LATAM
LOC-01569,Sonsonate,Sonsonate,El Salvador,Central America,LATAM
LOC-01570,Bezerros,Pernambuco,Brasil,South America,LATAM
LOC-01571,Kochi,Kerala,India,South Asia,Pacific Asia
LOC-01572,Invercargill,Southland,Nueva Zelanda,Oceania,Pacific Asia
LOC-01573,Lanzhou,Gansu,China,Eastern Asia,Pacific Asia
LOC-01574,Kilis,Kilis,Turquía,West Asia,Pacific Asia
LOC-01575,Siirt,Siirt,Turquía,West Asia,Pacific Asia
LOC-01576,Chaozhou,Guangdong,China,Eastern Asia,Pacific Asia
LOC-01577,Erzurum,Erzurum,Turquía,West Asia,Pacific Asia
LOC-01578,Tauranga,Bay of Plenty,Nueva Zelanda,Oceania,Pacific Asia
LOC-01579,Sukkur,Sind,Pakistán,South Asia,Pacific Asia
LOC-01580,Mysore,Karnataka,India,South Asia,Pacific Asia
LOC-01581,Kolhapur,Maharashtra,India,South Asia,Pacific Asia
LOC-01582,Jiaozuo,Henan,China,Eastern Asia,Pacific Asia
LOC-01583,Aew?l-li,Jeju,Corea del Sur,Eastern Asia,Pacific Asia
LOC-01584,Edogawa-ku,Tokio,Japón,Eastern Asia,Pacific Asia
LOC-01585,Kastamonu,Kastamonu,Turquía,West Asia,Pacific Asia
LOC-01586,Newark,Ohio,Estados Unidos,East of USA,USCA
LOC-01587,Superior,Wisconsin,Estados Unidos,US Center,USCA
LOC-01588,Regina,Saskatchewan,Canada,Canada,USCA
LOC-01589,Montréal,Quebec,Canada,Canada,USCA
LOC-01590,Tempe,Arizona,Estados Unidos,West of USA,USCA
LOC-01591,Albuquerque,Nuevo México,Estados Unidos,West of USA,USCA
LOC-01592,Wilson,Carolina del Norte,Estados Unidos,South of  USA,USCA
LOC-01593,Mesquite,Texas,Estados Unidos,US Center,USCA
LOC-01594,Woodland,California,Estados Unidos,West of USA,USCA
LOC-01595,El Jadida,Dukala-Abda,Marruecos,North Africa,Africa
LOC-01596,Abha,Asir,Arabia Saudí,West Asia,Pacific Asia
LOC-01597,Antakya,Hatay,Turquía,West Asia,Pacific Asia
LOC-01598,Nzerekore,Nzérékoré,Guinea,West Africa,Africa
LOC-01599,Likasi,Katanga,República Democrática del Congo,Central Africa,Africa
LOC-01600,Fort Lauderdale,Florida,Estados Unidos,South of  USA,USCA
LOC-01601,Pasadena,Texas,Estados Unidos,US Center,USCA
LOC-01602,Kent,Ohio,Estados Unidos,East of USA,USCA
LOC-01603,Bangor,Maine,Estados Unidos,East of USA,USCA
LOC-01604,Huntsville,Texas,Estados Unidos,US Center,USCA
LOC-01605,Morristown,Nueva Jersey,Estados Unidos,East of USA,USCA
LOC-01606,Decatur,Alabama,Estados Unidos,South of  USA,USCA
LOC-01607,Miramar,Florida,Estados Unidos,South of  USA,USCA
LOC-01608,Arlington,Virginia,Estados Unidos,South of  USA,USCA
LOC-01609,Nashville,Tennessee,Estados Unidos,South of  USA,USCA
LOC-01610,Santa Ana,California,Estados Unidos,West of USA,USCA
LOC-01611,Marietta,Georgia,Estados Unidos,South of  USA,USCA
LOC-01612,Miami,Florida,Estados Unidos,South of  USA,USCA
LOC-01613,Pasadena,California,Estados Unidos,West of USA,USCA
LOC-01614,Oak Park,Illinois,Estados Unidos,US Center,USCA
LOC-01615,Wausau,Wisconsin,Estados Unidos,US Center,USCA
LOC-01616,Fremont,Nebraska,Estados Unidos,US Center,USCA
LOC-01617,Milwaukee,Wisconsin,Estados Unidos,US Center,USCA
LOC-01618,Aurora,Illinois,Estados Unidos,US Center,USCA
LOC-01619,Lakeville,Minnesota,Estados Unidos,US Center,USCA
LOC-01620,Durham,Carolina del Norte,Estados Unidos,South of  USA,USCA
LOC-01621,Anqing,Anhui,China,Eastern Asia,Pacific Asia
LOC-01622,Taiyuan,Shanxi,China,Eastern Asia,Pacific Asia
LOC-01623,Pimpri,Maharashtra,India,South Asia,Pacific Asia
LOC-01624,Ichikawa,Chiba,Japón,Eastern Asia,Pacific Asia
LOC-01625,Cournon-d'Auvergne,Auvernia,Francia,Western Europe,Europe
LOC-01626,Oviedo,Asturias,España,Southern Europe,Europe
LOC-01627,Clermont-Ferrand,Auvernia,Francia,Western Europe,Europe
LOC-01628,Cardiff,Gales,Reino Unido,Northern Europe,Europe
LOC-01629,Cork,Cork,Irlanda,Northern Europe,Europe
LOC-01630,Gladbeck,Renania del Norte-Westfalia,Alemania,Western Europe,Europe
LOC-01631,Chieti,Abruzos,Italia,Southern Europe,Europe
LOC-01632,Linz,Alta Austria,Austria,Western Europe,Europe
LOC-01633,Sceaux,Isla de Francia,Francia,Western Europe,Europe
LOC-01634,Montauban,Languedoc-Rosellón-Mediodía-Pirineos,Francia,Western Europe,Europe
LOC-01635,Sassari,Cerdeña,Italia,Southern Europe,Europe
LOC-01636,La Plata,Buenos Aires (provincia),Argentina,South America,LATAM
LOC-01637,Cuiabá,Mato Grosso,Brasil,South America,LATAM
LOC-01638,Malambo,Atlántico,Colombia,South America,LATAM
LOC-01639,Auch,Languedoc-Rosellón-Mediodía-Pirineos,Francia,Western Europe,Europe
LOC-01640,Lorca,Murcia,España,Southern Europe,Europe
LOC-01641,Kingswood,Inglaterra,Reino Unido,Northern Europe,Europe
LOC-01642,Draguignan,Provenza-Alpes-Costa Azul,Francia,Western Europe,Europe
LOC-01643,Offenburg,Baden-Wurtemberg,Alemania,Western Europe,Europe
LOC-01644,Valles,San Luis Potosí,México,Central America,LATAM
LOC-01645,Morón,Ciego de Ávila,Cuba,Caribbean,LATAM
LOC-01646,São Benedito,Ceará,Brasil,South America,LATAM
LOC-01647,Silao,Guanajuato,México,Central America,LATAM
LOC-01648,Enugu,Enugu,Nigeria,West Africa,Africa
LOC-01649,Mombasa,Costa,Kenia,East Africa,Africa
LOC-01650,Sohag,Suhaj,Egipto,North Africa,Africa
LOC-01651,Watford,Inglaterra,Reino Unido,Northern Europe,Europe
LOC-01652,Albi,Languedoc-Rosellón-Mediodía-Pirineos,Francia,Western Europe,Europe
LOC-01653,Loures,Lisboa,Portugal,Southern Europe,Europe
LOC-01654,Villeurbanne,Auvernia-Ródano-Alpes,Francia,Western Europe,Europe
LOC-01655,Tallaght,Dublín del Sur,Irlanda,Northern Europe,Europe
LOC-01656,Stavanger,Rogaland,Noruega,Northern Europe,Europe
LOC-01657,Poissy,Isla de Francia,Francia,Western Europe,Europe
LOC-01658,Aachen,Renania del Norte-Westfalia,Alemania,Western Europe,Europe
LOC-01659,Rybinsk,Yaroslavl,Rusia,Eastern Europe,Europe
LOC-01660,San Fernando,Andalucía,España,Southern Europe,Europe
LOC-01661,Ruda Slaska,Silesia,Polonia,Eastern Europe,Europe
LOC-01662,Darmstadt,Hesse,Alemania,Western Europe,Europe
LOC-01663,Worms,Renania-Palatinado,Alemania,Western Europe,Europe
LOC-01664,Livry-Gargan,Isla de Francia,Francia,Western Europe,Europe
LOC-01665,Zwolle,Overijssel,Países Bajos,Western Europe,Europe
LOC-01666,Suresnes,Isla de Francia,Francia,Western Europe,Europe
LOC-01667,Langen,Hesse,Alemania,Western Europe,Europe
LOC-01668,Les Clayes-sous-Bois,Isla de Francia,Francia,Western Europe,Europe
LOC-01669,Krefeld,Renania del Norte-Westfalia,Alemania,Western Europe,Europe
LOC-01670,Fort-de-France,Martinica,Martinica,Caribbean,LATAM
LOC-01671,Jacareí,São Paulo,Brasil,South America,LATAM
LOC-01672,Cartagena,Bolívar,Colombia,South America,LATAM
LOC-01673,Bajos de Haina,San Cristóbal,República Dominicana,Caribbean,LATAM
LOC-01674,Los Ángeles,Bío-Bío,Chile,South America,LATAM
LOC-01675,Maracay,Aragua,Venezuela,South America,LATAM
LOC-01676,Qitaihe,Heilongjiang,China,Eastern Asia,Pacific Asia
LOC-01677,Tangshan,Hebei,China,Eastern Asia,Pacific Asia
LOC-01678,Ganganagar,Rajastán,India,South Asia,Pacific Asia
LOC-01679,Panihati,Bengala Occidental,India,South Asia,Pacific Asia
LOC-01680,Cankaya,Ankara,Turquía,West Asia,Pacific Asia
LOC-01681,Tieling,Liaoning,China,Eastern Asia,Pacific Asia
LOC-01682,Balikesir,Balikesir,Turquía,West Asia,Pacific Asia
LOC-01683,Tiruppur,Tamil Nadu,India,South Asia,Pacific Asia
LOC-01684,Saharanpur,Uttar Pradesh,India,South Asia,Pacific Asia
LOC-01685,Laohekou,Hubei,China,Eastern Asia,Pacific Asia
LOC-01686,Bellary,Karnataka,India,South Asia,Pacific Asia
LOC-01687,Tyler,Texas,Estados Unidos,US Center,USCA
LOC-01688,Jonesboro,Arkansas,Estados Unidos,South of  USA,USCA
LOC-01689,Vancouver,Washington,Estados Unidos,West of USA,USCA
LOC-01690,Santa Clara,California,Estados Unidos,West of USA,USCA
LOC-01691,Florence,Kentucky,Estados Unidos,South of  USA,USCA
LOC-01692,Portage,Indiana,Estados Unidos,US Center,USCA
LOC-01693,Balti,Balti,Moldavia,Eastern Europe,Europe
LOC-01694,Osijek,Osjecko-Baranjska,Croacia,Southern Europe,Europe
LOC-01695,Lisichansk,Lugansk,Ucrania,Eastern Europe,Europe
LOC-01696,Lambaré,Central,Paraguay,South America,LATAM
LOC-01697,Jodhpur,Rajastán,India,South Asia,Pacific Asia
LOC-01698,La Mesa,California,Estados Unidos,West of USA,USCA
LOC-01699,Katowice,Silesia,Polonia,Eastern Europe,Europe
LOC-01700,Jamnagar,Guyarat,India,South Asia,Pacific Asia
LOC-01701,Kayseri,Kayseri,Turquía,West Asia,Pacific Asia
LOC-01702,Mecca,Meca,Arabia Saudí,West Asia,Pacific Asia
LOC-01703,Zigong,Sichuan,China,Eastern Asia,Pacific Asia
LOC-01704,Dhule,Maharashtra,India,South Asia,Pacific Asia
LOC-01705,Whangarei,Northland,Nueva Zelanda,Oceania,Pacific Asia
LOC-01706,Hefei,Anhui,China,Eastern Asia,Pacific Asia
LOC-01707,Handan,Hebei,China,Eastern Asia,Pacific Asia
LOC-01708,Aurangabad,Maharashtra,India,South Asia,Pacific Asia
LOC-01709,Muskogee,Oklahoma,Estados Unidos,US Center,USCA
LOC-01710,Murfreesboro,Tennessee,Estados Unidos,South of  USA,USCA
LOC-01711,Mobile,Alabama,Estados Unidos,South of  USA,USCA
LOC-01712,Westfield,Nueva Jersey,Estados Unidos,East of USA,USCA
LOC-01713,Olathe,Kansas,Estados Unidos,US Center,USCA
LOC-01714,Lafayette,Luisiana,Estados Unidos,South of  USA,USCA
LOC-01715,Winnipeg,Manitoba,Canada,Canada,USCA
LOC-01716,Paterson,Nueva Jersey,Estados Unidos,East of USA,USCA
LOC-01717,Lafayette,Indiana,Estados Unidos,US Center,USCA
LOC-01718,Long Beach,Nueva York,Estados Unidos,East of USA,USCA
LOC-01719,Hollywood,Florida,Estados Unidos,South of  USA,USCA
LOC-01720,Kingston,Ontario,Canada,Canada,USCA
LOC-01721,Arvada,Colorado,Estados Unidos,West of USA,USCA
LOC-01722,Quebec,Quebec,Canada,Canada,USCA
LOC-01723,East Point,Georgia,Estados Unidos,South of  USA,USCA
LOC-01724,Inglewood,California,Estados Unidos,West of USA,USCA
LOC-01725,Lancaster,Ohio,Estados Unidos,East of USA,USCA
LOC-01726,Haltom City,Texas,Estados Unidos,US Center,USCA
LOC-01727,Maputo,Cidade De Maputo,Mozambique,East Africa,Africa
LOC-01728,Wallasey,Inglaterra,Reino Unido,Northern Europe,Europe
LOC-01729,Sannois,Isla de Francia,Francia,Western Europe,Europe
LOC-01730,Esbjerg,Dinamarca Meridional,Dinamarca,Northern Europe,Europe
LOC-01731,Pelotas,Rio Grande do Sul,Brasil,South America,LATAM
LOC-01732,Aligarh,Uttar Pradesh,India,South Asia,Pacific Asia
LOC-01733,Al Hufuf,Ash Sharqiyah,Arabia Saudí,West Asia,Pacific Asia
LOC-01734,Jilin,Jilin,China,Eastern Asia,Pacific Asia
LOC-01735,Covington,Washington,Estados Unidos,West of USA,USCA
LOC-01736,Dorsten,Renania del Norte-Westfalia,Alemania,Western Europe,Europe
LOC-01737,Saint-Ouen,Isla de Francia,Francia,Western Europe,Europe
LOC-01738,Bressuire,Aquitania-Lemosín-Poitou-Charentes,Francia,Western Europe,Europe
LOC-01739,Thonon-les-Bains,Auvernia-Ródano-Alpes,Francia,Western Europe,Europe
LOC-01740,Mar del Plata,Buenos Aires (provincia),Argentina,South America,LATAM
LOC-01741,Soacha,Cundinamarca,Colombia,South America,LATAM
LOC-01742,Iquique,Tarapacá,Chile,South America,LATAM
LOC-01743,Boa Esperança,Minas Gerais,Brasil,South America,LATAM
LOC-01744,Gladstone,Queensland,Australia,Oceania,Pacific Asia
LOC-01745,Mathura,Uttar Pradesh,India,South Asia,Pacific Asia
LOC-01746,Amravati,Maharashtra,India,South Asia,Pacific Asia
LOC-01747,Chandigarh,Chandigarh,India,South Asia,Pacific Asia
LOC-01748,Longview,Washington,Estados Unidos,West of USA,USCA
LOC-01749,Lincoln Park,Michigan,Estados Unidos,US Center,USCA
LOC-01750,Oklahoma City,Oklahoma,Estados Unidos,US Center,USCA
LOC-01751,Orlando,Florida,Estados Unidos,South of  USA,USCA
LOC-01752,Maxixe,Inhambane,Mozambique,East Africa,Africa
LOC-01753,Sucy-en-Brie,Isla de Francia,Francia,Western Europe,Europe
LOC-01754,Haarlem,Holanda Septentrional,Países Bajos,Western Europe,Europe
LOC-01755,Lugo,Galicia,España,Southern Europe,Europe
LOC-01756,Guadalajara,Castilla-La Mancha,España,Southern Europe,Europe
LOC-01757,Valparaíso,Valparaíso,Chile,South America,LATAM
LOC-01758,Nicolás Romero,México,México,Central America,LATAM
LOC-01759,Guaratinguetá,São Paulo,Brasil,South America,LATAM
LOC-01760,Troy,Ohio,Estados Unidos,East of USA,USCA
LOC-01761,Belfort,Borgoña-Franco Condado,Francia,Western Europe,Europe
LOC-01762,Teherán,Teherán,Irán,South Asia,Pacific Asia
LOC-01763,Luoyang,Henan,China,Eastern Asia,Pacific Asia
LOC-01764,Bareilly,Uttar Pradesh,India,South Asia,Pacific Asia
LOC-01765,Funabashi,Chiba,Japón,Eastern Asia,Pacific Asia
LOC-01766,Dongguan,Guangdong,China,Eastern Asia,Pacific Asia
LOC-01767,Nha Trang,Khánh Hòa,Vietnam,Southeast Asia,Pacific Asia
LOC-01768,Donghai,Guangdong,China,Eastern Asia,Pacific Asia
LOC-01769,Napier,Hawke's Bay,Nueva Zelanda,Oceania,Pacific Asia
LOC-01770,Doha,Doha,Qatar,West Asia,Pacific Asia
LOC-01771,Wadi as Sir,Amán,Jordania,West Asia,Pacific Asia
LOC-01772,Pavlodar,Pavlodar,Kazajistán,Central Asia,Pacific Asia
LOC-01773,Qiqihar,Heilongjiang,China,Eastern Asia,Pacific Asia
LOC-01774,Xianning,Hubei,China,Eastern Asia,Pacific Asia
LOC-01775,Anaheim,California,Estados Unidos,West of USA,USCA
LOC-01776,Louisville,Colorado,Estados Unidos,West of USA,USCA
LOC-01777,Conway,Arkansas,Estados Unidos,South of  USA,USCA
LOC-01778,El Paso,Texas,Estados Unidos,US Center,USCA
LOC-01779,Long Beach,California,Estados Unidos,West of USA,USCA
LOC-01780,Providence,Rhode Island,Estados Unidos,East of USA,USCA
LOC-01781,Rochester,Minnesota,Estados Unidos,US Center,USCA
LOC-01782,Riverside,California,Estados Unidos,West of USA,USCA
LOC-01783,Leominster,Massachusetts,Estados Unidos,East of USA,USCA
LOC-01784,Austin,Texas,Estados Unidos,US Center,USCA
LOC-01785,Redmond,Washington,Estados Unidos,West of USA,USCA
LOC-01786,Salt Lake City,Utah,Estados Unidos,West of USA,USCA
LOC-01787,Fairfield,Connecticut,Estados Unidos,East of USA,USCA
LOC-01788,Waco,Texas,Estados Unidos,US Center,USCA
LOC-01789,Bolingbrook,Illinois,Estados Unidos,US Center,USCA
LOC-01790,San Bernardino,California,Estados Unidos,West of USA,USCA
LOC-01791,Apopka,Florida,Estados Unidos,South of  USA,USCA
LOC-01792,Quincy,Massachusetts,Estados Unidos,East of USA,USCA
LOC-01793,Pembroke Pines,Florida,Estados Unidos,South of  USA,USCA
LOC-01794,Everett,Washington,Estados Unidos,West of USA,USCA
LOC-01795,Namibe,Namibe,Angola,Central Africa,Africa
LOC-01796,Kisumu,Nyanza,Kenia,East Africa,Africa
LOC-01797,Garoua,Nord,Camerún,Central Africa,Africa
LOC-01798,Colmar,Alsacia-Champaña-Ardenas-Lorena,Francia,Western Europe,Europe
LOC-01799,Benevento,Campania,Italia,Southern Europe,Europe
LOC-01800,Noisy-le-Sec,Isla de Francia,Francia,Western Europe,Europe
LOC-01801,Longjumeau,Isla de Francia,Francia,Western Europe,Europe
LOC-01802,Kerpen,Renania del Norte-Westfalia,Alemania,Western Europe,Europe
LOC-01803,Rhondda,Gales,Reino Unido,Northern Europe,Europe
LOC-01804,Le Pontet,Provenza-Alpes-Costa Azul,Francia,Western Europe,Europe
LOC-01805,Villejuif,Isla de Francia,Francia,Western Europe,Europe
LOC-01806,Dos Hermanas,Andalucía,España,Southern Europe,Europe
LOC-01807,Sari,Mazandarán,Irán,South Asia,Pacific Asia
LOC-01808,Multan,Punyab,Pakistán,South Asia,Pacific Asia
LOC-01809,Saga,Saga,Japón,Eastern Asia,Pacific Asia
LOC-01810,Allahabad,Uttar Pradesh,India,South Asia,Pacific Asia
LOC-01811,Bellevue,Washington,Estados Unidos,West of USA,USCA
LOC-01812,Bowling Green,Kentucky,Estados Unidos,South of  USA,USCA
LOC-01813,Ndola,Copperbelt,Zambia,East Africa,Africa
LOC-01814,Mopti,Mopti,Mali,West Africa,Africa
LOC-01815,Torre del Greco,Campania,Italia,Southern Europe,Europe
LOC-01816,Velletri,Lacio,Italia,Southern Europe,Europe
LOC-01817,Durres,Durrës,Albania,Southern Europe,Europe
LOC-01818,Guaymas,Sonora,México,Central America,LATAM
LOC-01819,Kaifeng,Henan,China,Eastern Asia,Pacific Asia
LOC-01820,Queanbeyan,Nueva Gales del Sur,Australia,Oceania,Pacific Asia
LOC-01821,Glendale,Arizona,Estados Unidos,West of USA,USCA
LOC-01822,Sandy Springs,Georgia,Estados Unidos,South of  USA,USCA
LOC-01823,Monroe,Luisiana,Estados Unidos,South of  USA,USCA
LOC-01824,Kumasi,Ashanti,Ghana,West Africa,Africa
LOC-01825,Bonn,Renania del Norte-Westfalia,Alemania,Western Europe,Europe
LOC-01826,Saint-Genis-Laval,Auvernia-Ródano-Alpes,Francia,Western Europe,Europe
LOC-01827,La Celle-Saint-Cloud,Isla de Francia,Francia,Western Europe,Europe
LOC-01828,Montrouge,Isla de Francia,Francia,Western Europe,Europe
LOC-01829,Oyonnax,Auvernia-Ródano-Alpes,Francia,Western Europe,Europe
LOC-01830,Karlsruhe,Baden-Wurtemberg,Alemania,Western Europe,Europe
LOC-01831,Lora del Río,Andalucía,España,Southern Europe,Europe
LOC-01832,Colombes,Isla de Francia,Francia,Western Europe,Europe
LOC-01833,Zaanstad,Holanda Septentrional,Países Bajos,Western Europe,Europe
LOC-01834,Estepona,Andalucía,España,Southern Europe,Europe
LOC-01835,Chimbote,Ancash,Perú,South America,LATAM
LOC-01836,Guanajuato,Guanajuato,México,Central America,LATAM
LOC-01837,Gurupi,Tocantins,Brasil,South America,LATAM
LOC-01838,Tasikmalaya,Java Occidental,Indonesia,Southeast Asia,Pacific Asia
LOC-01839,Nasik,Maharashtra,India,South Asia,Pacific Asia
LOC-01840,Marikina,Capital Nacional,Filipinas,Southeast Asia,Pacific Asia
LOC-01841,Zhumadian,Henan,China,Eastern Asia,Pacific Asia
LOC-01842,Kaiyuan,Liaoning,China,Eastern Asia,Pacific Asia
LOC-01843,Palm Coast,Florida,Estados Unidos,South of  USA,USCA
LOC-01844,Oshawa,Ontario,Canada,Canada,USCA
LOC-01845,Waynesboro,Virginia,Estados Unidos,South of  USA,USCA
LOC-01846,Freeport,Illinois,Estados Unidos,US Center,USCA
LOC-01847,Hesperia,California,Estados Unidos,West of USA,USCA
LOC-01848,Bristol,Tennessee,Estados Unidos,South of  USA,USCA
LOC-01849,Banjarmasin,Borneo Meridional,Indonesia,Southeast Asia,Pacific Asia
LOC-01850,Kolwezi,Katanga,República Democrática del Congo,Central Africa,Africa
LOC-01851,Puertollano,Castilla-La Mancha,España,Southern Europe,Europe
LOC-01852,Salem,Oregón,Estados Unidos,West of USA,USCA
LOC-01853,Chincha Alta,Ica,Perú,South America,LATAM
LOC-01854,Laghouat,Laghouat,Argelia,North Africa,Africa
LOC-01855,eMbalenhle,Mpumalanga,SudAfrica,Southern Africa,Africa
LOC-01856,Lusaka,Lusaka,Zambia,East Africa,Africa
LOC-01857,Maidenhead,Inglaterra,Reino Unido,Northern Europe,Europe
LOC-01858,Lida,Grodno,Bielorrusia,Eastern Europe,Europe
LOC-01859,Lens,Norte-Paso de Calais-Picardía,Francia,Western Europe,Europe
LOC-01860,Nottingham,Inglaterra,Reino Unido,Northern Europe,Europe
LOC-01861,Fareham,Inglaterra,Reino Unido,Northern Europe,Europe
LOC-01862,Runcorn,Inglaterra,Reino Unido,Northern Europe,Europe
LOC-01863,Sagunto,Valenciana,España,Southern Europe,Europe
LOC-01864,Cannes,Provenza-Alpes-Costa Azul,Francia,Western Europe,Europe
LOC-01865,Como,Lombardía,Italia,Southern Europe,Europe
LOC-01866,Blackburn,Inglaterra,Reino Unido,Northern Europe,Europe
LOC-01867,Vigo,Galicia,España,Southern Europe,Europe
LOC-01868,Euskirchen,Renania del Norte-Westfalia,Alemania,Western Europe,Europe
LOC-01869,Vernon,Normandía,Francia,Western Europe,Europe
LOC-01870,Gubkin,Bélgorod,Rusia,Eastern Europe,Europe
LOC-01871,Praga,Praga,República Checa,Eastern Europe,Europe
LOC-01872,Troisdorf,Renania del Norte-Westfalia,Alemania,Western Europe,Europe
LOC-01873,Leuven,Brabante Flamenco,Bélgica,Western Europe,Europe
LOC-01874,Burnley,Inglaterra,Reino Unido,Northern Europe,Europe
LOC-01875,Briansk,Briansk,Rusia,Eastern Europe,Europe
LOC-01876,Graz,Stiria,Austria,Western Europe,Europe
LOC-01877,Bruselas,Bruselas,Bélgica,Western Europe,Europe
LOC-01878,Norderstedt,Schleswig-Holstein,Alemania,Western Europe,Europe
LOC-01879,Eindhoven,Brabante Septentrional,Países Bajos,Western Europe,Europe
LOC-01880,Potosí,Potosí,Bolivia,South America,LATAM
LOC-01881,Palmira,Valle del Cauca,Colombia,South America,LATAM
LOC-01882,São Luís,Marañón,Brasil,South America,LATAM
LOC-01883,Melchor Ocampo,México,México,Central America,LATAM
LOC-01884,Guzmán,Jalisco,México,Central America,LATAM
LOC-01885,Caçador,Santa Catarina,Brasil,South America,LATAM
LOC-01886,Piura,Piura,Perú,South America,LATAM
LOC-01887,Ibirité,Minas Gerais,Brasil,South America,LATAM
LOC-01888,Zihuatanejo,Guerrero,México,Central America,LATAM
LOC-01889,Los Patios,Norte de Santander,Colombia,South America,LATAM
LOC-01890,Lençóis Paulista,São Paulo,Brasil,South America,LATAM
LOC-01891,Bengkulu,Bengkulu,Indonesia,Southeast Asia,Pacific Asia
LOC-01892,Karnal,Haryana,India,South Asia,Pacific Asia
LOC-01893,Mentougou,Pekín,China,Eastern Asia,Pacific Asia
LOC-01894,Quchan,Jorasán Razaví,Irán,South Asia,Pacific Asia
LOC-01895,Hapur,Uttar Pradesh,India,South Asia,Pacific Asia
LOC-01896,Jinjiang,Fujian,China,Eastern Asia,Pacific Asia
LOC-01897,Sanya,Hainan,China,Eastern Asia,Pacific Asia
LOC-01898,Bengbu,Anhui,China,Eastern Asia,Pacific Asia
LOC-01899,Hamadán,Hamadán,Irán,South Asia,Pacific Asia
LOC-01900,Jining,Mongolia Interior,China,Eastern Asia,Pacific Asia
LOC-01901,Jammu,Jammu y Cachemira,India,South Asia,Pacific Asia
LOC-01902,Edinburg,Texas,Estados Unidos,US Center,USCA
LOC-01903,Springfield,Oregón,Estados Unidos,West of USA,USCA
LOC-01904,Lake Elsinore,California,Estados Unidos,West of USA,USCA
LOC-01905,Indianapolis,Indiana,Estados Unidos,US Center,USCA
LOC-01906,Allentown,Pensilvania,Estados Unidos,East of USA,USCA
LOC-01907,Grand Prairie,Texas,Estados Unidos,US Center,USCA
LOC-01908,New Bedford,Massachusetts,Estados Unidos,East of USA,USCA
LOC-01909,Troy,Nueva York,Estados Unidos,East of USA,USCA
LOC-01910,Garden City,Kansas,Estados Unidos,US Center,USCA
LOC-01911,La Crosse,Wisconsin,Estados Unidos,US Center,USCA
LOC-01912,Dublín,Ohio,Estados Unidos,East of USA,USCA
LOC-01913,Redwood City,California,Estados Unidos,West of USA,USCA
LOC-01914,Everett,Massachusetts,Estados Unidos,East of USA,USCA
LOC-01915,Chattanooga,Tennessee,Estados Unidos,South of  USA,USCA
LOC-01916,Jackson,Tennessee,Estados Unidos,South of  USA,USCA
LOC-01917,Mesa,Arizona,Estados Unidos,West of USA,USCA
LOC-01918,Dover,Nuevo Hampshire,Estados Unidos,East of USA,USCA
LOC-01919,Mount Vernon,Nueva York,Estados Unidos,East of USA,USCA
LOC-01920,North Las Vegas,Nevada,Estados Unidos,West of USA,USCA
LOC-01921,Kenosha,Wisconsin,Estados Unidos,US Center,USCA
LOC-01922,Richmond,Indiana,Estados Unidos,US Center,USCA
LOC-01923,Cleveland,Ohio,Estados Unidos,East of USA,USCA
LOC-01924,Avondale,Arizona,Estados Unidos,West of USA,USCA
LOC-01925,Green Bay,Wisconsin,Estados Unidos,US Center,USCA
LOC-01926,Naperville,Illinois,Estados Unidos,US Center,USCA
LOC-01927,Glenview,Illinois,Estados Unidos,US Center,USCA
LOC-01928,Watertown,Nueva York,Estados Unidos,East of USA,USCA
LOC-01929,Trenton,Michigan,Estados Unidos,US Center,USCA
LOC-01930,Lakewood,Ohio,Estados Unidos,East of USA,USCA
LOC-01931,Bakersfield,California,Estados Unidos,West of USA,USCA
LOC-01932,Plano,Texas,Estados Unidos,US Center,USCA
LOC-01933,Rio Rancho,Nuevo México,Estados Unidos,West of USA,USCA
LOC-01934,Vallejo,California,Estados Unidos,West of USA,USCA
LOC-01935,Bossier City,Luisiana,Estados Unidos,South of  USA,USCA
LOC-01936,Smyrna,Georgia,Estados Unidos,South of  USA,USCA
LOC-01937,Markham,Ontario,Canada,Canada,USCA
LOC-01938,Bloomington,Illinois,Estados Unidos,US Center,USCA
LOC-01939,Hackensack,Nueva Jersey,Estados Unidos,East of USA,USCA
LOC-01940,Burlington,Carolina del Norte,Estados Unidos,South of  USA,USCA
LOC-01941,Toledo,Ohio,Estados Unidos,East of USA,USCA
LOC-01942,Santa Barbara,California,Estados Unidos,West of USA,USCA
LOC-01943,Texas City,Texas,Estados Unidos,US Center,USCA
LOC-01944,Middletown,Connecticut,Estados Unidos,East of USA,USCA
LOC-01945,Evanston,Illinois,Estados Unidos,US Center,USCA
LOC-01946,Eugene,Oregón,Estados Unidos,West of USA,USCA
LOC-01947,Pensacola,Florida,Estados Unidos,South of  USA,USCA
LOC-01948,Edmonds,Washington,Estados Unidos,West of USA,USCA
LOC-01949,Plainfield,Nueva Jersey,Estados Unidos,East of USA,USCA
LOC-01950,Boynton Beach,Florida,Estados Unidos,South of  USA,USCA
LOC-01951,La Porte,Indiana,Estados Unidos,US Center,USCA
LOC-01952,Irving,Texas,Estados Unidos,US Center,USCA
LOC-01953,Athens,Georgia,Estados Unidos,South of  USA,USCA
LOC-01954,Safi,Dukala-Abda,Marruecos,North Africa,Africa
LOC-01955,Béchar,Béchar,Argelia,North Africa,Africa
LOC-01956,Yaounde,Centro,Camerún,Central Africa,Africa
LOC-01957,Aba,Abia,Nigeria,West Africa,Africa
LOC-01958,Ebolowa,Sud,Camerún,Central Africa,Africa
LOC-01959,Abeokuta,Ogun,Nigeria,West Africa,Africa
LOC-01960,Beni Suef,Bani Suwayf,Egipto,North Africa,Africa
LOC-01961,Mubi,Adamawa,Nigeria,West Africa,Africa
LOC-01962,Kisangani,Provincia Oriental,República Democrática del Congo,Central Africa,Africa
LOC-01963,Kankan,Kankan,Guinea,West Africa,Africa
LOC-01964,Krugersdorp,Gauteng,SudAfrica,Southern Africa,Africa
LOC-01965,Loubomo,Niari,República del Congo,Central Africa,Africa
LOC-01966,Spijkenisse,Holanda Meridional,Países Bajos,Western Europe,Europe
LOC-01967,Bedford,Inglaterra,Reino Unido,Northern Europe,Europe
LOC-01968,Murcia,Murcia,España,Southern Europe,Europe
LOC-01969,Dinslaken,Renania del Norte-Westfalia,Alemania,Western Europe,Europe
LOC-01970,Les Mureaux,Isla de Francia,Francia,Western Europe,Europe
LOC-01971,Cluj-Napoca,Cluj,Rumania,Eastern Europe,Europe
LOC-01972,Bialystok,Podlaquia,Polonia,Eastern Europe,Europe
LOC-01973,Roeselare,Flanders Occidental,Bélgica,Western Europe,Europe
LOC-01974,Faches-Thumesnil,Norte-Paso de Calais-Picardía,Francia,Western Europe,Europe
LOC-01975,Barnsley,Inglaterra,Reino Unido,Northern Europe,Europe
LOC-01976,Dudley,Inglaterra,Reino Unido,Northern Europe,Europe
LOC-01977,Pomezia,Lacio,Italia,Southern Europe,Europe
LOC-01978,Grasse,Provenza-Alpes-Costa Azul,Francia,Western Europe,Europe
LOC-01979,Villefontaine,Auvernia-Ródano-Alpes,Francia,Western Europe,Europe
LOC-01980,Tarnow,Polonia Menor,Polonia,Eastern Europe,Europe
LOC-01981,Rovigo,Véneto,Italia,Southern Europe,Europe
LOC-01982,Tuzla,Federación de Bosnia y Herzegovina,Bosnia y Herzegovina,Southern Europe,Europe
LOC-01983,Zaporiyia,Zaporiyia,Ucrania,Eastern Europe,Europe
LOC-01984,Burgas,Burgas,Bulgaria,Eastern Europe,Europe
LOC-01985,Moers,Renania del Norte-Westfalia,Alemania,Western Europe,Europe
LOC-01986,Klagenfurt,Carintia,Austria,Western Europe,Europe
LOC-01987,Grenoble,Auvernia-Ródano-Alpes,Francia,Western Europe,Europe
LOC-01988,Coslada,Madrid,España,Southern Europe,Europe
LOC-01989,Witten,Renania del Norte-Westfalia,Alemania,Western Europe,Europe
LOC-01990,Fuengirola,Andalucía,España,Southern Europe,Europe
LOC-01991,Montigny-le-Bretonneux,Isla de Francia,Francia,Western Europe,Europe
LOC-01992,Fleury-les-Aubrais,Centro-Valle de Loira,Francia,Western Europe,Europe
LOC-01993,Chesterfield,Inglaterra,Reino Unido,Northern Europe,Europe
LOC-01994,Elda,Valenciana,España,Southern Europe,Europe
LOC-01995,Pierrefitte-sur-Seine,Isla de Francia,Francia,Western Europe,Europe
LOC-01996,Narbonne,Languedoc-Rosellón-Mediodía-Pirineos,Francia,Western Europe,Europe
LOC-01997,Bruges,Flanders Occidental,Bélgica,Western Europe,Europe
LOC-01998,Frontignan,Languedoc-Rosellón-Mediodía-Pirineos,Francia,Western Europe,Europe
LOC-01999,Schiltigheim,Alsacia-Champaña-Ardenas-Lorena,Francia,Western Europe,Europe
LOC-02000,Hagen,Renania del Norte-Westfalia,Alemania,Western Europe,Europe
LOC-02001,Trieste,Friuli-Venecia Julia,Italia,Southern Europe,Europe
LOC-02002,Amiens,Norte-Paso de Calais-Picardía,Francia,Western Europe,Europe
LOC-02003,Caucaia,Ceará,Brasil,South America,LATAM
LOC-02004,Corrientes,Corrientes,Argentina,South America,LATAM
LOC-02005,Novo Cruzeiro,Minas Gerais,Brasil,South America,LATAM
LOC-02006,Monclova,Coahuila,México,Central America,LATAM
LOC-02007,Boa Vista,Roraima,Brasil,South America,LATAM
LOC-02008,Natal,Río Grande del Norte,Brasil,South America,LATAM
LOC-02009,Petrópolis,Río de Janeiro,Brasil,South America,LATAM
LOC-02010,Cárdenas,Matanzas,Cuba,Caribbean,LATAM
LOC-02011,Barbacena,Minas Gerais,Brasil,South America,LATAM
LOC-02012,Cuajimalpa,Distrito Federal,México,Central America,LATAM
LOC-02013,Jaboticabal,São Paulo,Brasil,South America,LATAM
LOC-02014,Mogi das Cruzes,São Paulo,Brasil,South America,LATAM
LOC-02015,José Bonifácio,São Paulo,Brasil,South America,LATAM
LOC-02016,Bolívar,Bolívar,Venezuela,South America,LATAM
LOC-02017,Cuautitlán,México,México,Central America,LATAM
LOC-02018,Abreu e Lima,Pernambuco,Brasil,South America,LATAM
LOC-02019,Ibagué,Tolima,Colombia,South America,LATAM
LOC-02020,Ijuí,Rio Grande do Sul,Brasil,South America,LATAM
LOC-02021,Bhopal,Madhya Pradesh,India,South Asia,Pacific Asia
LOC-02022,Bhiwandi,Maharashtra,India,South Asia,Pacific Asia
LOC-02023,Yokkaichi,Oita,Japón,Eastern Asia,Pacific Asia
LOC-02024,Khorramshahr,Juzestán,Irán,South Asia,Pacific Asia
LOC-02025,Ambattur,Tamil Nadu,India,South Asia,Pacific Asia
LOC-02026,Amol,Mazandarán,Irán,South Asia,Pacific Asia
LOC-02027,Felahiye,Kayseri,Turquía,West Asia,Pacific Asia
LOC-02028,Menemen,Izmir,Turquía,West Asia,Pacific Asia
LOC-02029,Licheng,Guangdong,China,Eastern Asia,Pacific Asia
LOC-02030,Geraldton,Australia Occidental,Australia,Oceania,Pacific Asia
LOC-02031,Bandirma,Balikesir,Turquía,West Asia,Pacific Asia
LOC-02032,Yanji,Jilin,China,Eastern Asia,Pacific Asia
LOC-02033,Mascate,Mascate,Omán,West Asia,Pacific Asia
LOC-02034,Mary,Mary,Turkmenistán,Central Asia,Pacific Asia
LOC-02035,Osmaniye,Osmaniye,Turquía,West Asia,Pacific Asia
LOC-02036,Masjed Soleyman,Juzestán,Irán,South Asia,Pacific Asia
LOC-02037,Guntur,Andhra Pradesh,India,South Asia,Pacific Asia
LOC-02038,Karbala,Karbala,Irak,West Asia,Pacific Asia
LOC-02039,Arak,Markazí,Irán,South Asia,Pacific Asia
LOC-02040,Changsha,Hunan,China,Eastern Asia,Pacific Asia
LOC-02041,Yicheng,Hubei,China,Eastern Asia,Pacific Asia
LOC-02042,Matsudo,Chiba,Japón,Eastern Asia,Pacific Asia
LOC-02043,Etimesgut,Ankara,Turquía,West Asia,Pacific Asia
LOC-02044,Huizhou,Guangdong,China,Eastern Asia,Pacific Asia
LOC-02045,Shimonoseki,Yamaguchi,Japón,Eastern Asia,Pacific Asia
LOC-02046,Shijiazhuang,Hebei,China,Eastern Asia,Pacific Asia
LOC-02047,Coimbatore,Tamil Nadu,India,South Asia,Pacific Asia
LOC-02048,Dearborn,Michigan,Estados Unidos,US Center,USCA
LOC-02049,York,Pensilvania,Estados Unidos,East of USA,USCA
LOC-02050,Pomona,California,Estados Unidos,West of USA,USCA
LOC-02051,Caldwell,Idaho,Estados Unidos,West of USA,USCA
LOC-02052,Gastonia,Carolina del Norte,Estados Unidos,South of  USA,USCA
LOC-02053,Saginaw,Michigan,Estados Unidos,US Center,USCA
LOC-02054,Dover,Delaware,Estados Unidos,East of USA,USCA
LOC-02055,Vancouver,Columbia británica,Canada,Canada,USCA
LOC-02056,Lorain,Ohio,Estados Unidos,East of USA,USCA
LOC-02057,Lubbock,Texas,Estados Unidos,US Center,USCA
LOC-02058,Saint-Laurent,Quebec,Canada,Canada,USCA
LOC-02059,Yonkers,Nueva York,Estados Unidos,East of USA,USCA
LOC-02060,Montgomery,Alabama,Estados Unidos,South of  USA,USCA
LOC-02061,Roseville,Minnesota,Estados Unidos,US Center,USCA
LOC-02062,Suffolk,Virginia,Estados Unidos,South of  USA,USCA
LOC-02063,Des Moines,Washington,Estados Unidos,West of USA,USCA
LOC-02064,Utica,Nueva York,Estados Unidos,East of USA,USCA
LOC-02065,Apple Valley,California,Estados Unidos,West of USA,USCA
LOC-02066,Washington,Distrito de Columbia,Estados Unidos,East of USA,USCA
LOC-02067,Bridgeton,Nueva Jersey,Estados Unidos,East of USA,USCA
LOC-02068,Tigard,Oregón,Estados Unidos,West of USA,USCA
LOC-02069,Franklin,Massachusetts,Estados Unidos,East of USA,USCA
LOC-02070,Rockford,Illinois,Estados Unidos,US Center,USCA
LOC-02071,Malden,Massachusetts,Estados Unidos,East of USA,USCA
LOC-02072,Fairfield,Ohio,Estados Unidos,East of USA,USCA
LOC-02073,Bloemfontein,Estado Libre,SudAfrica,Southern Africa,Africa
LOC-02074,Batna,Batna,Argelia,North Africa,Africa
LOC-02075,Sokoto,Sokoto,Nigeria,West Africa,Africa
LOC-02076,Westonaria,Gauteng,SudAfrica,Southern Africa,Africa
LOC-02077,Túnez,Túnez,Túnez,North Africa,Africa
LOC-02078,Maradi,Maradi,Níger,West Africa,Africa
LOC-02079,Benguela,Benguela,Angola,Central Africa,Africa
LOC-02080,Bideford,Inglaterra,Reino Unido,Northern Europe,Europe
LOC-02081,Friedberg,Hesse,Alemania,Western Europe,Europe
LOC-02082,Schiffweiler,Sarre,Alemania,Western Europe,Europe
LOC-02083,Resita,Caras-Severin,Rumania,Eastern Europe,Europe
LOC-02084,Rosny-sous-Bois,Isla de Francia,Francia,Western Europe,Europe
LOC-02085,Lisieux,Normandía,Francia,Western Europe,Europe
LOC-02086,Arad,Arad,Rumania,Eastern Europe,Europe
LOC-02087,Montereau-Fault-Yonne,Isla de Francia,Francia,Western Europe,Europe
LOC-02088,Uman,Cherkasy,Ucrania,Eastern Europe,Europe
LOC-02089,Passau,Bavaria,Alemania,Western Europe,Europe
LOC-02090,Busto Arsizio,Lombardía,Italia,Southern Europe,Europe
LOC-02091,Luts'k,Volinia,Ucrania,Eastern Europe,Europe
LOC-02092,Denain,Norte-Paso de Calais-Picardía,Francia,Western Europe,Europe
LOC-02093,Bourges,Centro-Valle de Loira,Francia,Western Europe,Europe
LOC-02094,Meaux,Isla de Francia,Francia,Western Europe,Europe
LOC-02095,Slough,Inglaterra,Reino Unido,Northern Europe,Europe
LOC-02096,Reading,Inglaterra,Reino Unido,Northern Europe,Europe
LOC-02097,El Ejido,Andalucía,España,Southern Europe,Europe
LOC-02098,Cottbus,Brandenburgo,Alemania,Western Europe,Europe
LOC-02099,Lakewood,California,Estados Unidos,West of USA,USCA
LOC-02100,Sunnyvale,California,Estados Unidos,West of USA,USCA
LOC-02101,Carrollton,Texas,Estados Unidos,US Center,USCA
LOC-02102,Pine Bluff,Arkansas,Estados Unidos,South of  USA,USCA
LOC-02103,Laredo,Texas,Estados Unidos,US Center,USCA
LOC-02104,Mishawaka,Indiana,Estados Unidos,US Center,USCA
LOC-02105,Ngaoundere,Adamaoua,Camerún,Central Africa,Africa
LOC-02106,Makeni,Septentrional,Sierra Leona,West Africa,Africa
LOC-02107,Mbeya,Mbeya,Tanzania,East Africa,Africa
LOC-02108,Ilorin,Kwara,Nigeria,West Africa,Africa
LOC-02109,Jos,Plateau,Nigeria,West Africa,Africa
LOC-02110,Natitingou,Atakora,Benín,West Africa,Africa
LOC-02111,East London,Cabo Oriental,SudAfrica,Southern Africa,Africa
LOC-02112,Yibuti,Yibuti,Yibuti,East Africa,Africa
LOC-02113,Bertoua,Est,Camerún,Central Africa,Africa
LOC-02114,Bilbeis,Ash Sharqiyah,Egipto,North Africa,Africa
LOC-02115,Grodno,Grodno,Bielorrusia,Eastern Europe,Europe
LOC-02116,Wels,Alta Austria,Austria,Western Europe,Europe
LOC-02117,Villeneuve-sur-Lot,Aquitania-Lemosín-Poitou-Charentes,Francia,Western Europe,Europe
LOC-02118,Taverny,Isla de Francia,Francia,Western Europe,Europe
LOC-02119,Usol'ye-Sibirskoye,Irkutsk,Rusia,Eastern Europe,Europe
LOC-02120,Kopeysk,Cheliábinsk,Rusia,Eastern Europe,Europe
LOC-02121,Santiago de Compostela,Galicia,España,Southern Europe,Europe
LOC-02122,Guyancourt,Isla de Francia,Francia,Western Europe,Europe
LOC-02123,Norwich,Inglaterra,Reino Unido,Northern Europe,Europe
LOC-02124,Bolzano,Trentino-Alto Adigio,Italia,Southern Europe,Europe
LOC-02125,Baia Mare,Maramures,Rumania,Eastern Europe,Europe
LOC-02126,Le Cannet,Provenza-Alpes-Costa Azul,Francia,Western Europe,Europe
LOC-02127,Ludwigshafen am Rhein,Renania-Palatinado,Alemania,Western Europe,Europe
LOC-02128,Drogobych,Lviv,Ucrania,Eastern Europe,Europe
LOC-02129,Chisináu,Chisináu,Moldavia,Eastern Europe,Europe
LOC-02130,Gardanne,Provenza-Alpes-Costa Azul,Francia,Western Europe,Europe
LOC-02131,Beaune,Borgoña-Franco Condado,Francia,Western Europe,Europe
LOC-02132,Guayana,Bolívar,Venezuela,South America,LATAM
LOC-02133,Ocaña,Norte de Santander,Colombia,South America,LATAM
LOC-02134,Sahuayo de José María Morelos,Michoacán,México,Central America,LATAM
LOC-02135,Duque de Caxias,Río de Janeiro,Brasil,South America,LATAM
LOC-02136,Chetumal,Quintana Roo,México,Central America,LATAM
LOC-02137,Montes Claros,Minas Gerais,Brasil,South America,LATAM
LOC-02138,Goiânia,Goiás,Brasil,South America,LATAM
LOC-02139,Fresnillo de González Echeverría,Zacatecas,México,Central America,LATAM
LOC-02140,Carora,Lara,Venezuela,South America,LATAM
LOC-02141,Diadema,São Paulo,Brasil,South America,LATAM
LOC-02142,Esenyurt,Estambul,Turquía,West Asia,Pacific Asia
LOC-02143,Khomeynishahr,Isfahán,Irán,South Asia,Pacific Asia
LOC-02144,Banda Aceh,Aceh,Indonesia,Southeast Asia,Pacific Asia
LOC-02145,Sabzevar,Jorasán Razaví,Irán,South Asia,Pacific Asia
LOC-02146,Shuangyashan,Heilongjiang,China,Eastern Asia,Pacific Asia
LOC-02147,Ueda,Nagano,Japón,Eastern Asia,Pacific Asia
LOC-02148,Hastings,Hawke's Bay,Nueva Zelanda,Oceania,Pacific Asia
LOC-02149,Hendersonville,Tennessee,Estados Unidos,South of  USA,USCA
LOC-02150,Scottsdale,Arizona,Estados Unidos,West of USA,USCA
LOC-02151,Hickory,Carolina del Norte,Estados Unidos,South of  USA,USCA
LOC-02152,Meridian,Idaho,Estados Unidos,West of USA,USCA
LOC-02153,Waterloo,Ontario,Canada,Canada,USCA
LOC-02154,Knoxville,Tennessee,Estados Unidos,South of  USA,USCA
LOC-02155,Bafoussam,Ouest,Camerún,Central Africa,Africa
LOC-02156,Kigoma,Kigoma,Tanzania,East Africa,Africa
LOC-02157,Bujumbura,Buyumbura Mairie,Burundi,East Africa,Africa
LOC-02158,Beauvais,Norte-Paso de Calais-Picardía,Francia,Western Europe,Europe
LOC-02159,Ceuta,Ceuta,España,Southern Europe,Europe
LOC-02160,Quartu Sant'Elena,Cerdeña,Italia,Southern Europe,Europe
LOC-02161,Castellammare di Stabia,Campania,Italia,Southern Europe,Europe
LOC-02162,Nizhyn,Chernihiv,Ucrania,Eastern Europe,Europe
LOC-02163,Rybnik,Silesia,Polonia,Eastern Europe,Europe
LOC-02164,Worthing,Inglaterra,Reino Unido,Northern Europe,Europe
LOC-02165,York,Inglaterra,Reino Unido,Northern Europe,Europe
LOC-02166,Santander,Cantabria,España,Southern Europe,Europe
LOC-02167,Oxford,Inglaterra,Reino Unido,Northern Europe,Europe
LOC-02168,Fiumicino,Lacio,Italia,Southern Europe,Europe
LOC-02169,Sant Boi de Llobregat,Cataluña,España,Southern Europe,Europe
LOC-02170,Podgorica,Podgorica,Montenegro,Southern Europe,Europe
LOC-02171,Sarajevo,Federación de Bosnia y Herzegovina,Bosnia y Herzegovina,Southern Europe,Europe
LOC-02172,Garza García,Nuevo León,México,Central America,LATAM
LOC-02173,Orange,Nueva Gales del Sur,Australia,Oceania,Pacific Asia
LOC-02174,Sterling Heights,Michigan,Estados Unidos,US Center,USCA
LOC-02175,Hialeah,Florida,Estados Unidos,South of  USA,USCA
LOC-02176,Chandler,Arizona,Estados Unidos,West of USA,USCA
LOC-02177,Chalinze,Pwani,Tanzania,East Africa,Africa
LOC-02178,Libreville,Estuaire,Gabón,Central Africa,Africa
LOC-02179,Vignola,Emilia-Romaña,Italia,Southern Europe,Europe
LOC-02180,Fontenay-le-Comte,Países del Loira,Francia,Western Europe,Europe
LOC-02181,Delft,Holanda Meridional,Países Bajos,Western Europe,Europe
LOC-02182,Abbeville,Norte-Paso de Calais-Picardía,Francia,Western Europe,Europe
LOC-02183,Chester,Inglaterra,Reino Unido,Northern Europe,Europe
LOC-02184,Saint-Pierre-des-Corps,Centro-Valle de Loira,Francia,Western Europe,Europe
LOC-02185,Washington,Inglaterra,Reino Unido,Northern Europe,Europe
LOC-02186,Bath,Inglaterra,Reino Unido,Northern Europe,Europe
LOC-02187,Vlore,Vlorë,Albania,Southern Europe,Europe
LOC-02188,Cremona,Lombardía,Italia,Southern Europe,Europe
LOC-02189,Colomiers,Languedoc-Rosellón-Mediodía-Pirineos,Francia,Western Europe,Europe
LOC-02190,Lorena,São Paulo,Brasil,South America,LATAM
LOC-02191,Paranaguá,Paraná,Brasil,South America,LATAM
LOC-02192,Mosquera,Cundinamarca,Colombia,South America,LATAM
LOC-02193,Guanambi,Bahía,Brasil,South America,LATAM
LOC-02194,Andijon,Andiján,Uzbekistán,Central Asia,Pacific Asia
LOC-02195,Papakura,Auckland,Nueva Zelanda,Oceania,Pacific Asia
LOC-02196,Ningbo,Zhejiang,China,Eastern Asia,Pacific Asia
LOC-02197,Orange,Nueva Jersey,Estados Unidos,East of USA,USCA
LOC-02198,Bedford,Texas,Estados Unidos,US Center,USCA
LOC-02199,Bristol,Connecticut,Estados Unidos,East of USA,USCA
LOC-02200,Brampton,Ontario,Canada,Canada,USCA
LOC-02201,Severodvinsk,Arjánguelsk,Rusia,Eastern Europe,Europe
LOC-02202,San Bernardo,Santiago de Chile,Chile,South America,LATAM
LOC-02203,Islamabad,Territorio de la Capital Federal,Pakistán,South Asia,Pacific Asia
LOC-02204,Wuchang,Heilongjiang,China,Eastern Asia,Pacific Asia
LOC-02205,Johnson City,Tennessee,Estados Unidos,South of  USA,USCA
LOC-02206,Saint-Dizier,Alsacia-Champaña-Ardenas-Lorena,Francia,Western Europe,Europe
LOC-02207,Lake Charles,Luisiana,Estados Unidos,South of  USA,USCA
LOC-02208,Al Manaqil,Gezira,Sudán,North Africa,Africa
LOC-02209,Sidi Qacem,Garb-Chrarda-Beni Hsen,Marruecos,North Africa,Africa
LOC-02210,Saint-Nazaire,Países del Loira,Francia,Western Europe,Europe
LOC-02211,Gulu,Gulu,Uganda,East Africa,Africa
LOC-02212,Boscoreale,Campania,Italia,Southern Europe,Europe
LOC-02213,Cagua,Aragua,Venezuela,South America,LATAM
LOC-02214,Cuenca,Azuay,Ecuador,South America,LATAM
LOC-02215,Nanning,Guangxi,China,Eastern Asia,Pacific Asia
LOC-02216,Mission Viejo,California,Estados Unidos,West of USA,USCA
LOC-02217,Barry,Gales,Reino Unido,Northern Europe,Europe
LOC-02218,Yulin,Shaanxi,China,Eastern Asia,Pacific Asia
LOC-02219,Kafr ad Dawwar,Al Buhayrah,Egipto,North Africa,Africa
LOC-02220,Morley,Inglaterra,Reino Unido,Northern Europe,Europe
LOC-02221,Rio Grande,Rio Grande do Sul,Brasil,South America,LATAM
LOC-02222,Peshawar,Jaiber Pajtunjuá,Pakistán,South Asia,Pacific Asia
LOC-02223,Girón,Santander,Colombia,South America,LATAM
LOC-02224,Coventry,Inglaterra,Reino Unido,Northern Europe,Europe
LOC-02225,Kigali,Kigali,Ruanda,East Africa,Africa
LOC-02226,Juba,Ecuatoria Central,Sudán del Sur,East Africa,Africa
LOC-02227,Koblenz,Renania-Palatinado,Alemania,Western Europe,Europe
LOC-02228,Unna,Renania del Norte-Westfalia,Alemania,Western Europe,Europe
LOC-02229,Luxemburgo,Luxemburgo,Luxemburgo,Western Europe,Europe
LOC-02230,Newcastle upon Tyne,Inglaterra,Reino Unido,Northern Europe,Europe
LOC-02231,Maisons-Laffitte,Isla de Francia,Francia,Western Europe,Europe
LOC-02232,Toul,Alsacia-Champaña-Ardenas-Lorena,Francia,Western Europe,Europe
LOC-02233,Pinheiro,Marañón,Brasil,South America,LATAM
LOC-02234,Sucre,Chuquisaca,Bolivia,South America,LATAM
LOC-02235,San Lorenzo,Central,Paraguay,South America,LATAM
LOC-02236,Petare,Miranda,Venezuela,South America,LATAM
LOC-02237,Zhongxiang,Hubei,China,Eastern Asia,Pacific Asia
LOC-02238,Indore,Madhya Pradesh,India,South Asia,Pacific Asia
LOC-02239,Salem,Tamil Nadu,India,South Asia,Pacific Asia
LOC-02240,Shah Alam,Selangor,Malasia,Southeast Asia,Pacific Asia
LOC-02241,Zunyi,Guizhou,China,Eastern Asia,Pacific Asia
LOC-02242,Gaithersburg,Maryland,Estados Unidos,East of USA,USCA
LOC-02243,Carlsbad,Nuevo México,Estados Unidos,West of USA,USCA
LOC-02244,Vineland,Nueva Jersey,Estados Unidos,East of USA,USCA
LOC-02245,George,Cabo Occidental,SudAfrica,Southern Africa,Africa
LOC-02246,Liverpool,Inglaterra,Reino Unido,Northern Europe,Europe
LOC-02247,Pingdingshan,Henan,China,Eastern Asia,Pacific Asia
LOC-02248,Patiala,Punyab,India,South Asia,Pacific Asia
LOC-02249,Kumba,Ouest del Sur,Camerún,Central Africa,Africa
LOC-02250,Beni Mellal,Tadla-Azilal,Marruecos,North Africa,Africa
LOC-02251,Iasi,Iasi,Rumania,Eastern Europe,Europe
LOC-02252,Hinckley,Inglaterra,Reino Unido,Northern Europe,Europe
LOC-02253,Arras,Norte-Paso de Calais-Picardía,Francia,Western Europe,Europe
LOC-02254,Kettering,Inglaterra,Reino Unido,Northern Europe,Europe
LOC-02255,Bar-le-Duc,Alsacia-Champaña-Ardenas-Lorena,Francia,Western Europe,Europe
LOC-02256,Latina,Lacio,Italia,Southern Europe,Europe
LOC-02257,Imola,Emilia-Romaña,Italia,Southern Europe,Europe
LOC-02258,El Prat de Llobregat,Cataluña,España,Southern Europe,Europe
LOC-02259,Venlo,Limburgo,Países Bajos,Western Europe,Europe
LOC-02260,Saint-Cyr-sur-Loire,Centro-Valle de Loira,Francia,Western Europe,Europe
LOC-02261,Yambol,Yambol,Bulgaria,Eastern Europe,Europe
LOC-02262,Echirolles,Auvernia-Ródano-Alpes,Francia,Western Europe,Europe
LOC-02263,Saumur,Países del Loira,Francia,Western Europe,Europe
LOC-02264,Villingen-Schwenningen,Baden-Wurtemberg,Alemania,Western Europe,Europe
LOC-02265,Bristol,Inglaterra,Reino Unido,Northern Europe,Europe
LOC-02266,Grevenbroich,Renania del Norte-Westfalia,Alemania,Western Europe,Europe
LOC-02267,Carquefou,Países del Loira,Francia,Western Europe,Europe
LOC-02268,Worcester,Inglaterra,Reino Unido,Northern Europe,Europe
LOC-02269,Osasco,São Paulo,Brasil,South America,LATAM
LOC-02270,Salamanca,Guanajuato,México,Central America,LATAM
LOC-02271,Behshahr,Mazandarán,Irán,South Asia,Pacific Asia
LOC-02272,Puducherry,Puducherry,India,South Asia,Pacific Asia
LOC-02273,Cuttack,Odisha,India,South Asia,Pacific Asia
LOC-02274,Mcallen,Texas,Estados Unidos,US Center,USCA
LOC-02275,Angers,Países del Loira,Francia,Western Europe,Europe
LOC-02276,Hradec Králové,Hradec Králové,República Checa,Eastern Europe,Europe
LOC-02277,Presidencia Roque Sáenz Peña,Chaco,Argentina,South America,LATAM
LOC-02278,Greensboro,Carolina del Norte,Estados Unidos,South of  USA,USCA
LOC-02279,Oceanside,California,Estados Unidos,West of USA,USCA
LOC-02280,Beira,Sofala,Mozambique,East Africa,Africa
LOC-02281,Sikasso,Sikasso,Mali,West Africa,Africa
LOC-02282,Arusha,Arusha,Tanzania,East Africa,Africa
LOC-02283,Sokode,Central,Togo,West Africa,Africa
LOC-02284,Chingola,Copperbelt,Zambia,East Africa,Africa
LOC-02285,Owo,Ondo,Nigeria,West Africa,Africa
LOC-02286,Menia,Menia,Egipto,North Africa,Africa
LOC-02287,Giyani,Limpopo,SudAfrica,Southern Africa,Africa
LOC-02288,Windhoek,Khomas,Namibia,Southern Africa,Africa
LOC-02289,Nouakchott,Nouakchott,Mauritania,West Africa,Africa
LOC-02290,Benin City,Edo,Nigeria,West Africa,Africa
LOC-02291,Pemba,Cabo Delgado,Mozambique,East Africa,Africa
LOC-02292,Ilesha,Osun,Nigeria,West Africa,Africa
LOC-02293,Mpumalanga,KwaZulu-Natal,SudAfrica,Southern Africa,Africa
LOC-02294,Messaad,Djelfa,Argelia,North Africa,Africa
LOC-02295,Marsabit,Oriental,Kenia,East Africa,Africa
LOC-02296,Kandi,Alibori,Benín,West Africa,Africa
LOC-02297,Bo,Meridional,Sierra Leona,West Africa,Africa
LOC-02298,Torcy,Isla de Francia,Francia,Western Europe,Europe
LOC-02299,Flensburg,Schleswig-Holstein,Alemania,Western Europe,Europe
LOC-02300,Basel,Basilea-Ciudad,Suiza,Western Europe,Europe
LOC-02301,La Spezia,Liguria,Italia,Southern Europe,Europe
LOC-02302,Roermond,Limburgo,Países Bajos,Western Europe,Europe
LOC-02303,Krasnyy Luch,Lugansk,Ucrania,Eastern Europe,Europe
LOC-02304,Pforzheim,Baden-Wurtemberg,Alemania,Western Europe,Europe
LOC-02305,Potenza,Basilicata,Italia,Southern Europe,Europe
LOC-02306,Alkmaar,Holanda Septentrional,Países Bajos,Western Europe,Europe
LOC-02307,Torquay,Inglaterra,Reino Unido,Northern Europe,Europe
LOC-02308,Nitra,Nitra,Eslovaquia,Eastern Europe,Europe
LOC-02309,Laval,Países del Loira,Francia,Western Europe,Europe
LOC-02310,Nikopol,Dnipropetrovsk,Ucrania,Eastern Europe,Europe
LOC-02311,Trento,Trentino-Alto Adigio,Italia,Southern Europe,Europe
LOC-02312,Hilversum,Holanda Septentrional,Países Bajos,Western Europe,Europe
LOC-02313,Neuilly-Plaisance,Isla de Francia,Francia,Western Europe,Europe
LOC-02314,Sonderborg,Dinamarca Meridional,Dinamarca,Northern Europe,Europe
LOC-02315,Landskrona,Escania,Suecia,Northern Europe,Europe
LOC-02316,Evreux,Normandía,Francia,Western Europe,Europe
LOC-02317,Illkirch-Graffenstaden,Alsacia-Champaña-Ardenas-Lorena,Francia,Western Europe,Europe
LOC-02318,Foligno,Umbría,Italia,Southern Europe,Europe
LOC-02319,Ercolano,Campania,Italia,Southern Europe,Europe
LOC-02320,Leverkusen,Renania del Norte-Westfalia,Alemania,Western Europe,Europe
LOC-02321,Deventer,Overijssel,Países Bajos,Western Europe,Europe
LOC-02322,Zhlobin,Gómel,Bielorrusia,Eastern Europe,Europe
LOC-02323,Parla,Madrid,España,Southern Europe,Europe
LOC-02324,Lecce,Apulia,Italia,Southern Europe,Europe
LOC-02325,Alfortville,Isla de Francia,Francia,Western Europe,Europe
LOC-02326,Ternópil,Ternópil,Ucrania,Eastern Europe,Europe
LOC-02327,Toledo,Castilla-La Mancha,España,Southern Europe,Europe
LOC-02328,Nogent-sur-Oise,Norte-Paso de Calais-Picardía,Francia,Western Europe,Europe
LOC-02329,Douai,Norte-Paso de Calais-Picardía,Francia,Western Europe,Europe
LOC-02330,Saint-Herblain,Países del Loira,Francia,Western Europe,Europe
LOC-02331,Mitry-Mory,Isla de Francia,Francia,Western Europe,Europe
LOC-02332,Korce,Korçë,Albania,Southern Europe,Europe
LOC-02333,Huyton,Inglaterra,Reino Unido,Northern Europe,Europe
LOC-02334,Lausanne,Vaud,Suiza,Western Europe,Europe
LOC-02335,Montesson,Isla de Francia,Francia,Western Europe,Europe
LOC-02336,Buzau,Buzau,Rumania,Eastern Europe,Europe
LOC-02337,Salamanca,Castilla y León,España,Southern Europe,Europe
LOC-02338,Eragny,Isla de Francia,Francia,Western Europe,Europe
LOC-02339,Les Ulis,Isla de Francia,Francia,Western Europe,Europe
LOC-02340,Hove,Inglaterra,Reino Unido,Northern Europe,Europe
LOC-02341,Namur,Namur,Bélgica,Western Europe,Europe
LOC-02342,Yerres,Isla de Francia,Francia,Western Europe,Europe
LOC-02343,Taranto,Apulia,Italia,Southern Europe,Europe
LOC-02344,Innsbruck,Tirol,Austria,Western Europe,Europe
LOC-02345,Wakefield,Inglaterra,Reino Unido,Northern Europe,Europe
LOC-02346,Lunel,Languedoc-Rosellón-Mediodía-Pirineos,Francia,Western Europe,Europe
LOC-02347,Assen,Drenthe,Países Bajos,Western Europe,Europe
LOC-02348,Bottrop,Renania del Norte-Westfalia,Alemania,Western Europe,Europe
LOC-02349,Alcobendas,Madrid,España,Southern Europe,Europe
LOC-02350,Lund,Escania,Suecia,Northern Europe,Europe
LOC-02351,Pistoia,Toscana,Italia,Southern Europe,Europe
LOC-02352,Landerneau,Bretaña,Francia,Western Europe,Europe
LOC-02353,Hemel Hempstead,Inglaterra,Reino Unido,Northern Europe,Europe
LOC-02354,Paderborn,Renania del Norte-Westfalia,Alemania,Western Europe,Europe
LOC-02355,Rochdale,Inglaterra,Reino Unido,Northern Europe,Europe
LOC-02356,Minden,Renania del Norte-Westfalia,Alemania,Western Europe,Europe
LOC-02357,Coimbra,Coimbra,Portugal,Southern Europe,Europe
LOC-02358,Roubaix,Norte-Paso de Calais-Picardía,Francia,Western Europe,Europe
LOC-02359,Auxerre,Borgoña-Franco Condado,Francia,Western Europe,Europe
LOC-02360,Saint-Jean-de-la-Ruelle,Centro-Valle de Loira,Francia,Western Europe,Europe
LOC-02361,Forbach,Alsacia-Champaña-Ardenas-Lorena,Francia,Western Europe,Europe
LOC-02362,Aalst,Flanders Oriental,Bélgica,Western Europe,Europe
LOC-02363,Lomme,Norte-Paso de Calais-Picardía,Francia,Western Europe,Europe
LOC-02364,Plock,Mazovia,Polonia,Eastern Europe,Europe
LOC-02365,Sittard,Limburgo,Países Bajos,Western Europe,Europe
LOC-02366,Troyes,Alsacia-Champaña-Ardenas-Lorena,Francia,Western Europe,Europe
LOC-02367,Panevezys,Panevezys,Lituania,Northern Europe,Europe
LOC-02368,Athens,Attica,Grecia,Southern Europe,Europe
LOC-02369,Cherkasy,Cherkasy,Ucrania,Eastern Europe,Europe
LOC-02370,Sibiu,Sibiu,Rumania,Eastern Europe,Europe
LOC-02371,Chelmsford,Inglaterra,Reino Unido,Northern Europe,Europe
LOC-02372,Gillingham,Inglaterra,Reino Unido,Northern Europe,Europe
LOC-02373,Velsen,Holanda Septentrional,Países Bajos,Western Europe,Europe
LOC-02374,Regensburg,Bavaria,Alemania,Western Europe,Europe
LOC-02375,Sale,Inglaterra,Reino Unido,Northern Europe,Europe
LOC-02376,Jundiaí,São Paulo,Brasil,South America,LATAM
LOC-02377,Ardebil,Ardebil,Irán,South Asia,Pacific Asia
LOC-02378,Barasat,Bengala Occidental,India,South Asia,Pacific Asia
LOC-02379,Can Tho,T?nh C?n Th?,Vietnam,Southeast Asia,Pacific Asia
LOC-02380,Binjai,Sumatra Septentrional,Indonesia,Southeast Asia,Pacific Asia
LOC-02381,Sanandaj,Kurdistán,Irán,South Asia,Pacific Asia
LOC-02382,Yangquan,Shanxi,China,Eastern Asia,Pacific Asia
LOC-02383,Elazig,Elazig,Turquía,West Asia,Pacific Asia
LOC-02384,Florence,Carolina del Sur,Estados Unidos,South of  USA,USCA
LOC-02385,Lake Forest,California,Estados Unidos,West of USA,USCA
LOC-02386,Marion,Ohio,Estados Unidos,East of USA,USCA
LOC-02387,Jupiter,Florida,Estados Unidos,South of  USA,USCA
LOC-02388,Coral Springs,Florida,Estados Unidos,South of  USA,USCA
LOC-02389,Georgetown,Kentucky,Estados Unidos,South of  USA,USCA
LOC-02390,Man,Dix-Huit Montagnes,Costa de Marfil,West Africa,Africa
LOC-02391,Kamina,Katanga,República Democrática del Congo,Central Africa,Africa
LOC-02392,Owerri,Imo,Nigeria,West Africa,Africa
LOC-02393,Birkenhead,Inglaterra,Reino Unido,Northern Europe,Europe
LOC-02394,Massy,Isla de Francia,Francia,Western Europe,Europe
LOC-02395,Helsingborg,Escania,Suecia,Northern Europe,Europe
LOC-02396,Falconara Marittima,Marche,Italia,Southern Europe,Europe
LOC-02397,Plovdiv,Plovdiv,Bulgaria,Eastern Europe,Europe
LOC-02398,Legnano,Lombardía,Italia,Southern Europe,Europe
LOC-02399,Lattes,Languedoc-Rosellón-Mediodía-Pirineos,Francia,Western Europe,Europe
LOC-02400,Middlesbrough,Inglaterra,Reino Unido,Northern Europe,Europe
LOC-02401,Lippstadt,Renania del Norte-Westfalia,Alemania,Western Europe,Europe
LOC-02402,Braila,Braila,Rumania,Eastern Europe,Europe
LOC-02403,Montgeron,Isla de Francia,Francia,Western Europe,Europe
LOC-02404,Vitry-sur-Seine,Isla de Francia,Francia,Western Europe,Europe
LOC-02405,Ploemeur,Bretaña,Francia,Western Europe,Europe
LOC-02406,Manresa,Cataluña,España,Southern Europe,Europe
LOC-02407,Bamberg,Bavaria,Alemania,Western Europe,Europe
LOC-02408,Ipiales,Nariño,Colombia,South America,LATAM
LOC-02409,Baruta,Miranda,Venezuela,South America,LATAM
LOC-02410,Rosarito,Baja California,México,Central America,LATAM
LOC-02411,Tirupati,Andhra Pradesh,India,South Asia,Pacific Asia
LOC-02412,Naihati,Bengala Occidental,India,South Asia,Pacific Asia
LOC-02413,Changde,Hunan,China,Eastern Asia,Pacific Asia
LOC-02414,Concord,Carolina del Norte,Estados Unidos,South of  USA,USCA
LOC-02415,Larache,Tánger-Tetuán,Marruecos,North Africa,Africa
LOC-02416,Atakpame,Plateaux,Togo,West Africa,Africa
LOC-02417,Funtua,Katsina,Nigeria,West Africa,Africa
LOC-02418,Mabopane,Gauteng,SudAfrica,Southern Africa,Africa
LOC-02419,Istres,Provenza-Alpes-Costa Azul,Francia,Western Europe,Europe
LOC-02420,Bergen,Hordaland,Noruega,Northern Europe,Europe
LOC-02421,Albacete,Castilla-La Mancha,España,Southern Europe,Europe
LOC-02422,Cluses,Auvernia-Ródano-Alpes,Francia,Western Europe,Europe
LOC-02423,Cartagena,Murcia,España,Southern Europe,Europe
LOC-02424,Lucca,Toscana,Italia,Southern Europe,Europe
LOC-02425,Vertou,Países del Loira,Francia,Western Europe,Europe
LOC-02426,Hattingen,Renania del Norte-Westfalia,Alemania,Western Europe,Europe
LOC-02427,Pesaro,Marche,Italia,Southern Europe,Europe
LOC-02428,Sonneberg,Turingia,Alemania,Western Europe,Europe
LOC-02429,Saint-Laurent-du-Var,Provenza-Alpes-Costa Azul,Francia,Western Europe,Europe
LOC-02430,Harrogate,Inglaterra,Reino Unido,Northern Europe,Europe
LOC-02431,Badajoz,Extremadura,España,Southern Europe,Europe
LOC-02432,Limoges,Aquitania-Lemosín-Poitou-Charentes,Francia,Western Europe,Europe
LOC-02433,Chilpancingo,Guerrero,México,Central America,LATAM
LOC-02434,Tianguá,Ceará,Brasil,South America,LATAM
LOC-02435,Linares,Nuevo León,México,Central America,LATAM
LOC-02436,Paracatu,Minas Gerais,Brasil,South America,LATAM
LOC-02437,Florencia,Caquetá,Colombia,South America,LATAM
LOC-02438,Acarigua,Portuguesa,Venezuela,South America,LATAM
LOC-02439,Manzanillo,Colima,México,Central America,LATAM
LOC-02440,Ituiutaba,Minas Gerais,Brasil,South America,LATAM
LOC-02441,Torquay,Queensland,Australia,Oceania,Pacific Asia
LOC-02442,Akola,Maharashtra,India,South Asia,Pacific Asia
LOC-02443,Forster,Nueva Gales del Sur,Australia,Oceania,Pacific Asia
LOC-02444,Plantation,Florida,Estados Unidos,South of  USA,USCA
LOC-02445,Murray,Utah,Estados Unidos,West of USA,USCA
LOC-02446,Hattiesburg,Misisipi,Estados Unidos,South of  USA,USCA
LOC-02447,Manchester,Connecticut,Estados Unidos,East of USA,USCA
LOC-02448,Rochester,Nueva York,Estados Unidos,East of USA,USCA
LOC-02449,Olympia,Washington,Estados Unidos,West of USA,USCA
LOC-02450,Corpus Christi,Texas,Estados Unidos,US Center,USCA
LOC-02451,Layton,Utah,Estados Unidos,West of USA,USCA
LOC-02452,Normal,Illinois,Estados Unidos,US Center,USCA
LOC-02453,West Jordan,Utah,Estados Unidos,West of USA,USCA
LOC-02454,Antioch,California,Estados Unidos,West of USA,USCA
LOC-02455,Roseville,California,Estados Unidos,West of USA,USCA
LOC-02456,Broomfield,Colorado,Estados Unidos,West of USA,USCA
LOC-02457,Pleasant Grove,Utah,Estados Unidos,West of USA,USCA
LOC-02458,Margate,Florida,Estados Unidos,South of  USA,USCA
LOC-02459,Beverly,Massachusetts,Estados Unidos,East of USA,USCA
LOC-02460,New Rochelle,Nueva York,Estados Unidos,East of USA,USCA
LOC-02461,Marsa Matruh,Matruh,Egipto,North Africa,Africa
LOC-02462,Mostaganem,Mostaganem,Argelia,North Africa,Africa
LOC-02463,Khenifra,Mequinez-Tafilalet,Marruecos,North Africa,Africa
LOC-02464,Onitsha,Anambra,Nigeria,West Africa,Africa
LOC-02465,Misurata,Misurata,Libia,North Africa,Africa
LOC-02466,Bamako,Bamako,Mali,West Africa,Africa
LOC-02467,Skikda,Skikda,Argelia,North Africa,Africa
LOC-02468,Agadir,Sus-Masa-Draa,Marruecos,North Africa,Africa
LOC-02469,Bamenda,Nord-Ouest,Camerún,Central Africa,Africa
LOC-02470,Firminy,Auvernia-Ródano-Alpes,Francia,Western Europe,Europe
LOC-02471,Hereford,Inglaterra,Reino Unido,Northern Europe,Europe
LOC-02472,Targu Jiu,Gorj,Rumania,Eastern Europe,Europe
LOC-02473,Palencia,Castilla y León,España,Southern Europe,Europe
LOC-02474,Hazebrouck,Norte-Paso de Calais-Picardía,Francia,Western Europe,Europe
LOC-02475,Taunton,Inglaterra,Reino Unido,Northern Europe,Europe
LOC-02476,Jena,Turingia,Alemania,Western Europe,Europe
LOC-02477,Gradignan,Aquitania-Lemosín-Poitou-Charentes,Francia,Western Europe,Europe
LOC-02478,Berdychiv,Zhytómyr,Ucrania,Eastern Europe,Europe
LOC-02479,Randers,Jutlandia Central,Dinamarca,Northern Europe,Europe
LOC-02480,Chernihiv,Chernihiv,Ucrania,Eastern Europe,Europe
LOC-02481,Capelle aan den IJssel,Holanda Meridional,Países Bajos,Western Europe,Europe
LOC-02482,Antibes,Provenza-Alpes-Costa Azul,Francia,Western Europe,Europe
LOC-02483,Marsala,Sicilia,Italia,Southern Europe,Europe
LOC-02484,Valle Hermoso,Tamaulipas,México,Central America,LATAM
LOC-02485,Araucária,Paraná,Brasil,South America,LATAM
LOC-02486,Bahía Blanca,Buenos Aires (provincia),Argentina,South America,LATAM
LOC-02487,Arica,Arica y Parinacota,Chile,South America,LATAM
LOC-02488,Port Arthur,Texas,Estados Unidos,US Center,USCA
LOC-02489,Port Said,Puerto Saíd,Egipto,North Africa,Africa
LOC-02490,Vigevano,Lombardía,Italia,Southern Europe,Europe
LOC-02491,Sarreguemines,Alsacia-Champaña-Ardenas-Lorena,Francia,Western Europe,Europe
LOC-02492,Evry,Isla de Francia,Francia,Western Europe,Europe
LOC-02493,Warrington,Inglaterra,Reino Unido,Northern Europe,Europe
LOC-02494,Yacuiba,Tarija,Bolivia,South America,LATAM
LOC-02495,Itapetininga,São Paulo,Brasil,South America,LATAM
LOC-02496,Conselheiro Lafaiete,Minas Gerais,Brasil,South America,LATAM
LOC-02497,Etawah,Uttar Pradesh,India,South Asia,Pacific Asia
LOC-02498,Yueyang,Hunan,China,Eastern Asia,Pacific Asia
LOC-02499,Torrance,California,Estados Unidos,West of USA,USCA
LOC-02500,Alessandria,Piamonte,Italia,Southern Europe,Europe
LOC-02501,Provo,Utah,Estados Unidos,West of USA,USCA
LOC-02502,Cumaná,Sucre,Venezuela,South America,LATAM
LOC-02503,Chililabombwe,Copperbelt,Zambia,East Africa,Africa
LOC-02504,Kayes,Kayes,Mali,West Africa,Africa
LOC-02505,Kabwe,Central,Zambia,East Africa,Africa
LOC-02506,Sanary-sur-Mer,Provenza-Alpes-Costa Azul,Francia,Western Europe,Europe
LOC-02507,Schwerin,Mecklemburgo-Pomerania Occidental,Alemania,Western Europe,Europe
LOC-02508,Weston-super-Mare,Inglaterra,Reino Unido,Northern Europe,Europe
LOC-02509,Fresnes,Isla de Francia,Francia,Western Europe,Europe
LOC-02510,Limay,Isla de Francia,Francia,Western Europe,Europe
LOC-02511,Kalisz,Gran Polonia,Polonia,Eastern Europe,Europe
LOC-02512,Ensenada,Baja California,México,Central America,LATAM
LOC-02513,Yaritagua,Yaracuy,Venezuela,South America,LATAM
LOC-02514,Ananindeua,Pará,Brasil,South America,LATAM
LOC-02515,Dourados,Mato Grosso del Sur,Brasil,South America,LATAM
LOC-02516,Chillán,Bío-Bío,Chile,South America,LATAM
LOC-02517,Valparaíso de Goiás,Goiás,Brasil,South America,LATAM
LOC-02518,Osorno,Los Lagos,Chile,South America,LATAM
LOC-02519,Aracati,Ceará,Brasil,South America,LATAM
LOC-02520,Purwokerto,Java Central,Indonesia,Southeast Asia,Pacific Asia
LOC-02521,Gaoyou,Jiangsu,China,Eastern Asia,Pacific Asia
LOC-02522,Xinghua,Jiangsu,China,Eastern Asia,Pacific Asia
LOC-02523,Cizre,Sirnak,Turquía,West Asia,Pacific Asia
LOC-02524,Dayr az Zawr,Dayr az Zawr,Siria,West Asia,Pacific Asia
LOC-02525,Kwangju,Gyeonggi,Corea del Sur,Eastern Asia,Pacific Asia
LOC-02526,Ulsan,Ulsan,Corea del Sur,Eastern Asia,Pacific Asia
LOC-02527,Colorado Springs,Colorado,Estados Unidos,West of USA,USCA
LOC-02528,Daytona Beach,Florida,Estados Unidos,South of  USA,USCA
LOC-02529,San Gabriel,California,Estados Unidos,West of USA,USCA
LOC-02530,Virginia Beach,Virginia,Estados Unidos,South of  USA,USCA
LOC-02531,Purmerend,Holanda Septentrional,Países Bajos,Western Europe,Europe
LOC-02532,La Paz,Baja California Sur,México,Central America,LATAM
LOC-02533,Van,Van,Turquía,West Asia,Pacific Asia
LOC-02534,St. Catharines,Ontario,Canada,Canada,USCA
LOC-02535,Sierra Vista,Arizona,Estados Unidos,West of USA,USCA
LOC-02536,Lansing,Michigan,Estados Unidos,US Center,USCA
LOC-02537,Ashford,Inglaterra,Reino Unido,Northern Europe,Europe
LOC-02538,Pucallpa,Ucayali,Perú,South America,LATAM
LOC-02539,Trujillo,La Libertad,Perú,South America,LATAM
LOC-02540,Tabora,Tabora,Tanzania,East Africa,Africa
LOC-02541,Ilo,Moquegua,Perú,South America,LATAM
LOC-02542,Greenville,Carolina del Norte,Estados Unidos,South of  USA,USCA
LOC-02543,Valledupar,Cesar,Colombia,South America,LATAM
LOC-02544,Vryburg,Noroeste,SudAfrica,Southern Africa,Africa
LOC-02545,Tetouan,Tánger-Tetuán,Marruecos,North Africa,Africa
LOC-02546,Fianarantsoa,Haute-Matsiatra,Madagascar,East Africa,Africa
LOC-02547,Kikwit,Bandundu,República Democrática del Congo,Central Africa,Africa
LOC-02548,Kasama,Septentrional,Zambia,East Africa,Africa
LOC-02549,Manzini,Manzini,Suazilandia,Southern Africa,Africa
LOC-02550,Vitrolles,Provenza-Alpes-Costa Azul,Francia,Western Europe,Europe
LOC-02551,Craiova,Dolj,Rumania,Eastern Europe,Europe
LOC-02552,Vlaardingen,Holanda Meridional,Países Bajos,Western Europe,Europe
LOC-02553,Altotonga,Veracruz,México,Central America,LATAM
LOC-02554,Jining,Shandong,China,Eastern Asia,Pacific Asia
LOC-02555,Gawler,Australia del Sur,Australia,Oceania,Pacific Asia
LOC-02556,Tirunelveli,Tamil Nadu,India,South Asia,Pacific Asia
LOC-02557,Palu,Célebes Central,Indonesia,Southeast Asia,Pacific Asia
LOC-02558,Fasa,Fars,Irán,South Asia,Pacific Asia
LOC-02559,Kozan,Adana,Turquía,West Asia,Pacific Asia
LOC-02560,Cessnock,Nueva Gales del Sur,Australia,Oceania,Pacific Asia
LOC-02561,Varamin,Teherán,Irán,South Asia,Pacific Asia
LOC-02562,Puyang,Henan,China,Eastern Asia,Pacific Asia
LOC-02563,Levin,Manawatu-Wanganui,Nueva Zelanda,Oceania,Pacific Asia
LOC-02564,Viransehir,Sanliurfa,Turquía,West Asia,Pacific Asia
LOC-02565,Ramat Aviv,Tel Aviv,Israel,West Asia,Pacific Asia
LOC-02566,An Nasiriyah,Di Car,Irak,West Asia,Pacific Asia
LOC-02567,Asansol,Bengala Occidental,India,South Asia,Pacific Asia
LOC-02568,Beaumont,Texas,Estados Unidos,US Center,USCA
LOC-02569,Redondo Beach,California,Estados Unidos,West of USA,USCA
LOC-02570,Columbia,Tennessee,Estados Unidos,South of  USA,USCA
LOC-02571,Charlottesville,Virginia,Estados Unidos,South of  USA,USCA
LOC-02572,Richmond Hill,Ontario,Canada,Canada,USCA
LOC-02573,Des Moines,Iowa,Estados Unidos,US Center,USCA
LOC-02574,Kent,Washington,Estados Unidos,West of USA,USCA
LOC-02575,Vaughan,Ontario,Canada,Canada,USCA
LOC-02576,Peterborough,Ontario,Canada,Canada,USCA
LOC-02577,Neunkirchen,Sarre,Alemania,Western Europe,Europe
LOC-02578,Clichy,Isla de Francia,Francia,Western Europe,Europe
LOC-02579,Cheshunt,Inglaterra,Reino Unido,Northern Europe,Europe
LOC-02580,Halluin,Norte-Paso de Calais-Picardía,Francia,Western Europe,Europe
LOC-02581,Viterbo,Lacio,Italia,Southern Europe,Europe
LOC-02582,Linden,Demerara-Berbice Superior,Guyana,South America,LATAM
LOC-02583,Esquina,Corrientes,Argentina,South America,LATAM
LOC-02584,Piedecuesta,Santander,Colombia,South America,LATAM
LOC-02585,Mezitli,Mersin,Turquía,West Asia,Pacific Asia
LOC-02586,Richmond,Columbia británica,Canada,Canada,USCA
LOC-02587,Whitby,Ontario,Canada,Canada,USCA
LOC-02588,Neuquén,Neuquén,Argentina,South America,LATAM
LOC-02589,Hengyang,Hunan,China,Eastern Asia,Pacific Asia
LOC-02590,Passaic,Nueva Jersey,Estados Unidos,East of USA,USCA
LOC-02591,Udaipur,Tripura,India,South Asia,Pacific Asia
LOC-02592,Calabar,Cross River,Nigeria,West Africa,Africa
LOC-02593,Gravesend,Inglaterra,Reino Unido,Northern Europe,Europe
LOC-02594,Rivne,Rivne,Ucrania,Eastern Europe,Europe
LOC-02595,Gummersbach,Renania del Norte-Westfalia,Alemania,Western Europe,Europe
LOC-02596,Kostanái,Kostanái,Kazajistán,Central Asia,Pacific Asia
LOC-02597,Kota,Chhattisgarh,India,South Asia,Pacific Asia
LOC-02598,Orem,Utah,Estados Unidos,West of USA,USCA
LOC-02599,Sobral,Ceará,Brasil,South America,LATAM
LOC-02600,Vereeniging,Gauteng,SudAfrica,Southern Africa,Africa
LOC-02601,Gebze,Kocaeli,Turquía,West Asia,Pacific Asia
LOC-02602,Drammen,Buskerud,Noruega,Northern Europe,Europe
LOC-02603,Gosport,Inglaterra,Reino Unido,Northern Europe,Europe
LOC-02604,Granollers,Cataluña,España,Southern Europe,Europe
LOC-02605,Valence,Auvernia-Ródano-Alpes,Francia,Western Europe,Europe
LOC-02606,Bragança Paulista,São Paulo,Brasil,South America,LATAM
LOC-02607,Sumaré,São Paulo,Brasil,South America,LATAM
LOC-02608,Frontera,Tabasco,México,Central America,LATAM
LOC-02609,Tawau,Sabah,Malasia,Southeast Asia,Pacific Asia
LOC-02610,Jhansi,Uttar Pradesh,India,South Asia,Pacific Asia
LOC-02611,Iranshahr,Sistán y Baluchistán,Irán,South Asia,Pacific Asia
LOC-02612,Koshigaya,Saitama,Japón,Eastern Asia,Pacific Asia
LOC-02613,Yichun,Heilongjiang,China,Eastern Asia,Pacific Asia
LOC-02614,Envigado,Antioquía,Colombia,South America,LATAM
LOC-02615,Cergy,Isla de Francia,Francia,Western Europe,Europe
LOC-02616,Neubrandenburg,Mecklemburgo-Pomerania Occidental,Alemania,Western Europe,Europe
LOC-02617,Allen,Texas,Estados Unidos,US Center,USCA
LOC-02618,Amasya,Amasya,Turquía,West Asia,Pacific Asia
LOC-02619,Holon,Tel Aviv,Israel,West Asia,Pacific Asia
LOC-02620,Concord,Nuevo Hampshire,Estados Unidos,East of USA,USCA
LOC-02621,Nampula,Nampula,Mozambique,East Africa,Africa
LOC-02622,Damaturu,Yobe,Nigeria,West Africa,Africa
LOC-02623,Saida,Saida,Argelia,North Africa,Africa
LOC-02624,East Kilbride,Escocia,Reino Unido,Northern Europe,Europe
LOC-02625,Chatou,Isla de Francia,Francia,Western Europe,Europe
LOC-02626,Iquitos,Loreto,Perú,South America,LATAM
LOC-02627,Temixco,Morelos,México,Central America,LATAM
LOC-02628,Cayenne,Französisch-Guayana,Guayana Francesa,South America,LATAM
LOC-02629,Rolândia,Paraná,Brasil,South America,LATAM
LOC-02630,Criciúma,Santa Catarina,Brasil,South America,LATAM
LOC-02631,São Pedro da Aldeia,Río de Janeiro,Brasil,South America,LATAM
LOC-02632,Bene Beraq,Tel Aviv,Israel,West Asia,Pacific Asia
LOC-02633,Jember,Java Oriental,Indonesia,Southeast Asia,Pacific Asia
LOC-02634,Kurashiki,Okayama,Japón,Eastern Asia,Pacific Asia
LOC-02635,Yuanjiang,Hunan,China,Eastern Asia,Pacific Asia
LOC-02636,Yalova,Yalova,Turquía,West Asia,Pacific Asia
LOC-02637,Beykoz,Estambul,Turquía,West Asia,Pacific Asia
LOC-02638,Muzaffarpur,Bihar,India,South Asia,Pacific Asia
LOC-02639,Weihai,Shandong,China,Eastern Asia,Pacific Asia
LOC-02640,Panipat,Haryana,India,South Asia,Pacific Asia
LOC-02641,Auburn,Alabama,Estados Unidos,South of  USA,USCA
LOC-02642,Cuyahoga Falls,Ohio,Estados Unidos,East of USA,USCA
LOC-02643,Roswell,Georgia,Estados Unidos,South of  USA,USCA
LOC-02644,Orland Park,Illinois,Estados Unidos,US Center,USCA
LOC-02645,Harlingen,Texas,Estados Unidos,US Center,USCA
LOC-02646,Dublín,California,Estados Unidos,West of USA,USCA
LOC-02647,Parma,Ohio,Estados Unidos,East of USA,USCA
LOC-02648,Dearborn Heights,Michigan,Estados Unidos,US Center,USCA
LOC-02649,Lehi,Utah,Estados Unidos,West of USA,USCA
LOC-02650,Champaign,Illinois,Estados Unidos,US Center,USCA
LOC-02651,Vorónezh,Vorónezh,Rusia,Eastern Europe,Europe
LOC-02652,Bra?ov,Bra?ov,Rumania,Eastern Europe,Europe
LOC-02653,Paisley,Escocia,Reino Unido,Northern Europe,Europe
LOC-02654,Vacaria,Rio Grande do Sul,Brasil,South America,LATAM
LOC-02655,Farroupilha,Rio Grande do Sul,Brasil,South America,LATAM
LOC-02656,Datong,Shanxi,China,Eastern Asia,Pacific Asia
LOC-02657,Da Nang,Dà Nang,Vietnam,Southeast Asia,Pacific Asia
LOC-02658,Shrewsbury,Inglaterra,Reino Unido,Northern Europe,Europe
LOC-02659,Batman,Batman,Turquía,West Asia,Pacific Asia
LOC-02660,Roodepoort,Gauteng,SudAfrica,Southern Africa,Africa
LOC-02661,Tychy,Silesia,Polonia,Eastern Europe,Europe
LOC-02662,Avion,Norte-Paso de Calais-Picardía,Francia,Western Europe,Europe
LOC-02663,Trappes,Isla de Francia,Francia,Western Europe,Europe
LOC-02664,Vitória de Santo Antão,Pernambuco,Brasil,South America,LATAM
LOC-02665,Bangui,Bangui,República Centroafricana,Central Africa,Africa
LOC-02666,Settat,Chauía-Uardiga,Marruecos,North Africa,Africa
LOC-02667,Pernik,Pernik,Bulgaria,Eastern Europe,Europe
LOC-02668,Sunbury,Victoria,Australia,Oceania,Pacific Asia
LOC-02669,Lawrence,Indiana,Estados Unidos,US Center,USCA
LOC-02670,Talence,Aquitania-Lemosín-Poitou-Charentes,Francia,Western Europe,Europe
LOC-02671,Les Lilas,Isla de Francia,Francia,Western Europe,Europe
LOC-02672,Willich,Renania del Norte-Westfalia,Alemania,Western Europe,Europe
LOC-02673,Potsdam,Brandenburgo,Alemania,Western Europe,Europe
LOC-02674,Calabozo,Guárico,Venezuela,South America,LATAM
LOC-02675,Villa Alemana,Valparaíso,Chile,South America,LATAM
LOC-02676,Gravataí,Rio Grande do Sul,Brasil,South America,LATAM
LOC-02677,Itapecerica da Serra,São Paulo,Brasil,South America,LATAM
LOC-02678,Copiapó,Atacama,Chile,South America,LATAM
LOC-02679,Ibaraki,Osaka,Japón,Eastern Asia,Pacific Asia
LOC-02680,Gaya,Bihar,India,South Asia,Pacific Asia
LOC-02681,Hoover,Alabama,Estados Unidos,South of  USA,USCA
LOC-02682,Bloomington,Indiana,Estados Unidos,US Center,USCA
LOC-02683,Abbotsford,Columbia británica,Canada,Canada,USCA
LOC-02684,Calama,Antofagasta,Chile,South America,LATAM
LOC-02685,Francisco Morato,São Paulo,Brasil,South America,LATAM
LOC-02686,Sapucaia do Sul,Rio Grande do Sul,Brasil,South America,LATAM
LOC-02687,Sinop,Mato Grosso,Brasil,South America,LATAM
LOC-02688,Cabo de Santo Agostinho,Pernambuco,Brasil,South America,LATAM
LOC-02689,Cholula,Puebla,México,Central America,LATAM
LOC-02690,San Fernando del Valle de Catamarca,Catamarca,Argentina,South America,LATAM
LOC-02691,Guarapari,Espíritu Santo,Brasil,South America,LATAM
LOC-02692,Campo Grande,Mato Grosso del Sur,Brasil,South America,LATAM
LOC-02693,Coatzacoalcos,Veracruz,México,Central America,LATAM
LOC-02694,Mococa,São Paulo,Brasil,South America,LATAM
LOC-02695,Comodoro Rivadavia,Chubut,Argentina,South America,LATAM
LOC-02696,Bonao,Monseñor Nouel,República Dominicana,Caribbean,LATAM
LOC-02697,Tinaquillo,Cojedes,Venezuela,South America,LATAM
LOC-02698,Apucarana,Paraná,Brasil,South America,LATAM
LOC-02699,Jinhua,Zhejiang,China,Eastern Asia,Pacific Asia
LOC-02700,Sakai,Osaka,Japón,Eastern Asia,Pacific Asia
LOC-02701,Shashi,Hubei,China,Eastern Asia,Pacific Asia
LOC-02702,Taytay,Calabarzón,Filipinas,Southeast Asia,Pacific Asia
LOC-02703,Sakai,Gunma,Japón,Eastern Asia,Pacific Asia
LOC-02704,Qazvín,Qazvín,Irán,South Asia,Pacific Asia
LOC-02705,Sonipat,Haryana,India,South Asia,Pacific Asia
LOC-02706,Palmerston,Territorio del Norte,Australia,Oceania,Pacific Asia
LOC-02707,Haikou,Hainan,China,Eastern Asia,Pacific Asia
LOC-02708,Avadi,Tamil Nadu,India,South Asia,Pacific Asia
LOC-02709,Shouguang,Shandong,China,Eastern Asia,Pacific Asia
LOC-02710,Datong,Anhui,China,Eastern Asia,Pacific Asia
LOC-02711,Handa,Aichi,Japón,Eastern Asia,Pacific Asia
LOC-02712,Suwon,Gyeonggi,Corea del Sur,Eastern Asia,Pacific Asia
LOC-02713,Birjand,Jorasán del Sur,Irán,South Asia,Pacific Asia
LOC-02714,Zhenjiang,Jiangsu,China,Eastern Asia,Pacific Asia
LOC-02715,Quetta,Baluchistán,Pakistán,South Asia,Pacific Asia
LOC-02716,Rajshahi,Rajshahi,Bangladés,South Asia,Pacific Asia
LOC-02717,Ezhou,Hubei,China,Eastern Asia,Pacific Asia
LOC-02718,Takamatsu,Kagawa,Japón,Eastern Asia,Pacific Asia
LOC-02719,Upper Hutt,Wellington,Nueva Zelanda,Oceania,Pacific Asia
LOC-02720,Chaohu,Anhui,China,Eastern Asia,Pacific Asia
LOC-02721,Gaziemir,Izmir,Turquía,West Asia,Pacific Asia
LOC-02722,Baranagar,Bengala Occidental,India,South Asia,Pacific Asia
LOC-02723,Srinagar,Uttarakhand,India,South Asia,Pacific Asia
LOC-02724,Zhaoyuan,Heilongjiang,China,Eastern Asia,Pacific Asia
LOC-02725,Chaoyang,Jilin,China,Eastern Asia,Pacific Asia
LOC-02726,Escondido,California,Estados Unidos,West of USA,USCA
LOC-02727,Tamarac,Florida,Estados Unidos,South of  USA,USCA
LOC-02728,The Colony,Texas,Estados Unidos,US Center,USCA
LOC-02729,Franklin,Wisconsin,Estados Unidos,US Center,USCA
LOC-02730,Skokie,Illinois,Estados Unidos,US Center,USCA
LOC-02731,Columbia,Misuri,Estados Unidos,US Center,USCA
LOC-02732,Westminster,California,Estados Unidos,West of USA,USCA
LOC-02733,Laval,Quebec,Canada,Canada,USCA
LOC-02734,Norfolk,Nebraska,Estados Unidos,US Center,USCA
LOC-02735,Apple Valley,Minnesota,Estados Unidos,US Center,USCA
LOC-02736,League City,Texas,Estados Unidos,US Center,USCA
LOC-02737,Meriden,Connecticut,Estados Unidos,East of USA,USCA
LOC-02738,San Marcos,Texas,Estados Unidos,US Center,USCA
LOC-02739,College Station,Texas,Estados Unidos,US Center,USCA
LOC-02740,Redding,California,Estados Unidos,West of USA,USCA
LOC-02741,Montebello,California,Estados Unidos,West of USA,USCA
LOC-02742,Burlington,Vermont,Estados Unidos,East of USA,USCA
LOC-02743,Saint Cloud,Minnesota,Estados Unidos,US Center,USCA
LOC-02744,Kadoma,Mashonalandia Occidental,Zimbabue,East Africa,Africa
LOC-02745,Durban,KwaZulu-Natal,SudAfrica,Southern Africa,Africa
LOC-02746,Pitesti,Arges,Rumania,Eastern Europe,Europe
LOC-02747,Dieppe,Normandía,Francia,Western Europe,Europe
LOC-02748,Bourg-en-Bresse,Auvernia-Ródano-Alpes,Francia,Western Europe,Europe
LOC-02749,Taubaté,São Paulo,Brasil,South America,LATAM
LOC-02750,São Vicente,São Paulo,Brasil,South America,LATAM
LOC-02751,Cubatão,São Paulo,Brasil,South America,LATAM
LOC-02752,Artemisa,Artemisa,Cuba,Caribbean,LATAM
LOC-02753,Jamshedpur,Jharkhand,India,South Asia,Pacific Asia
LOC-02754,Polatli,Ankara,Turquía,West Asia,Pacific Asia
LOC-02755,Sakai,Ibaraki,Japón,Eastern Asia,Pacific Asia
LOC-02756,Alanya,Antalya,Turquía,West Asia,Pacific Asia
LOC-02757,Wuxi,Jiangsu,China,Eastern Asia,Pacific Asia
LOC-02758,Taipei,Taipéi,Taiwán,Eastern Asia,Pacific Asia
LOC-02759,Guelph,Ontario,Canada,Canada,USCA
LOC-02760,Encinitas,California,Estados Unidos,West of USA,USCA
LOC-02761,Saint Charles,Misuri,Estados Unidos,US Center,USCA
LOC-02762,Eagan,Minnesota,Estados Unidos,US Center,USCA
LOC-02763,Zlatoust,Cheliábinsk,Rusia,Eastern Europe,Europe
LOC-02764,Jersón,Jersón,Ucrania,Eastern Europe,Europe
LOC-02765,Zabrze,Silesia,Polonia,Eastern Europe,Europe
LOC-02766,Chaville,Isla de Francia,Francia,Western Europe,Europe
LOC-02767,Pontevedra,Galicia,España,Southern Europe,Europe
LOC-02768,Pilsen,Pilsen,República Checa,Eastern Europe,Europe
LOC-02769,Cinisello Balsamo,Lombardía,Italia,Southern Europe,Europe
LOC-02770,Haninge,Estocolmo,Suecia,Northern Europe,Europe
LOC-02771,Mijas,Andalucía,España,Southern Europe,Europe
LOC-02772,Coulommiers,Isla de Francia,Francia,Western Europe,Europe
LOC-02773,Dronfield,Inglaterra,Reino Unido,Northern Europe,Europe
LOC-02774,Saint-Brieuc,Bretaña,Francia,Western Europe,Europe
LOC-02775,Outreau,Norte-Paso de Calais-Picardía,Francia,Western Europe,Europe
LOC-02776,Tallinn,Harjumaa,Estonia,Northern Europe,Europe
LOC-02777,Dewsbury,Inglaterra,Reino Unido,Northern Europe,Europe
LOC-02778,Tournefeuille,Languedoc-Rosellón-Mediodía-Pirineos,Francia,Western Europe,Europe
LOC-02779,Uberaba,Minas Gerais,Brasil,South America,LATAM
LOC-02780,Oriximiná,Pará,Brasil,South America,LATAM
LOC-02781,Bagé,Rio Grande do Sul,Brasil,South America,LATAM
LOC-02782,Huaraz,Ancash,Perú,South America,LATAM
LOC-02783,Sagamihara,Kanagawa,Japón,Eastern Asia,Pacific Asia
LOC-02784,Jiangdu,Jiangsu,China,Eastern Asia,Pacific Asia
LOC-02785,Xinshi,Hubei,China,Eastern Asia,Pacific Asia
LOC-02786,Brahmapur,Odisha,India,South Asia,Pacific Asia
LOC-02787,Toyohashi,Aichi,Japón,Eastern Asia,Pacific Asia
LOC-02788,Laguna Niguel,California,Estados Unidos,West of USA,USCA
LOC-02789,Grove City,Ohio,Estados Unidos,East of USA,USCA
LOC-02790,Edmonton,Alberta,Canada,Canada,USCA
LOC-02791,Rockville,Maryland,Estados Unidos,East of USA,USCA
LOC-02792,Helena,Montana,Estados Unidos,West of USA,USCA
LOC-02793,Sparks,Nevada,Estados Unidos,West of USA,USCA
LOC-02794,Arzgir,Stávropol,Rusia,Eastern Europe,Europe
LOC-02795,Garanhuns,Pernambuco,Brasil,South America,LATAM
LOC-02796,Salta,Salta,Argentina,South America,LATAM
LOC-02797,Bijie,Guizhou,China,Eastern Asia,Pacific Asia
LOC-02798,Hampton,Virginia,Estados Unidos,South of  USA,USCA
LOC-02799,Great Falls,Montana,Estados Unidos,West of USA,USCA
LOC-02800,Rustenburg,Noroeste,SudAfrica,Southern Africa,Africa
LOC-02801,Shkoder,Shkodër,Albania,Southern Europe,Europe
LOC-02802,Liaoyang,Liaoning,China,Eastern Asia,Pacific Asia
LOC-02803,Thanjavur,Tamil Nadu,India,South Asia,Pacific Asia
LOC-02804,Mtwara,Mtwara,Tanzania,East Africa,Africa
LOC-02805,Cúa,Miranda,Venezuela,South America,LATAM
LOC-02806,Hachinohe,Aomori,Japón,Eastern Asia,Pacific Asia
LOC-02807,Botosani,Botosani,Rumania,Eastern Europe,Europe
LOC-02808,Aswan,Aswan,Egipto,North Africa,Africa
LOC-02809,Mohammedia,Gran Casablanca,Marruecos,North Africa,Africa
LOC-02810,Antsiranana,Diana,Madagascar,East Africa,Africa
LOC-02811,Bonneuil-sur-Marne,Isla de Francia,Francia,Western Europe,Europe
LOC-02812,Breda,Brabante Septentrional,Países Bajos,Western Europe,Europe
LOC-02813,Lanester,Bretaña,Francia,Western Europe,Europe
LOC-02814,Clydach,Gales,Reino Unido,Northern Europe,Europe
LOC-02815,Pestovo,Nóvgorod,Rusia,Eastern Europe,Europe
LOC-02816,Pulheim,Renania del Norte-Westfalia,Alemania,Western Europe,Europe
LOC-02817,Sabadell,Cataluña,España,Southern Europe,Europe
LOC-02818,Forst,Brandenburgo,Alemania,Western Europe,Europe
LOC-02819,Lucerna,Lucerna,Suiza,Western Europe,Europe
LOC-02820,Ústí nad Labem,Ústí nad Labem,República Checa,Eastern Europe,Europe
LOC-02821,Catia La Mar,Vargas,Venezuela,South America,LATAM
LOC-02822,Presidente Prudente,São Paulo,Brasil,South America,LATAM
LOC-02823,San Juan del Río,Querétaro,México,Central America,LATAM
LOC-02824,Xining,Qinghai,China,Eastern Asia,Pacific Asia
LOC-02825,Bilaspur,Uttar Pradesh,India,South Asia,Pacific Asia
LOC-02826,Aoba-ku,Kanagawa,Japón,Eastern Asia,Pacific Asia
LOC-02827,Xiangtan,Hunan,China,Eastern Asia,Pacific Asia
LOC-02828,Beirut,Beirut,Líbano,West Asia,Pacific Asia
LOC-02829,Tanggu,Tianjin,China,Eastern Asia,Pacific Asia
LOC-02830,Takamatsu,Ishikawa,Japón,Eastern Asia,Pacific Asia
LOC-02831,Chenzhou,Hunan,China,Eastern Asia,Pacific Asia
LOC-02832,Irbid,Irbid,Jordania,West Asia,Pacific Asia
LOC-02833,Brownsville,Texas,Estados Unidos,US Center,USCA
LOC-02834,Shelton,Connecticut,Estados Unidos,East of USA,USCA
LOC-02835,Bethlehem,Pensilvania,Estados Unidos,East of USA,USCA
LOC-02836,Freeport,Nueva York,Estados Unidos,East of USA,USCA
LOC-02837,Mansfield,Texas,Estados Unidos,US Center,USCA
LOC-02838,Midland,Michigan,Estados Unidos,US Center,USCA
LOC-02839,Huntington Beach,California,Estados Unidos,West of USA,USCA
LOC-02840,Bukavu,Kivu del Sur,República Democrática del Congo,Central Africa,Africa
LOC-02841,Rueil-Malmaison,Isla de Francia,Francia,Western Europe,Europe
LOC-02842,Lianzhou,Guangxi,China,Eastern Asia,Pacific Asia
LOC-02843,Nicosia,Nicosia,Chipre,Southern Europe,Europe
LOC-02844,Bron,Auvernia-Ródano-Alpes,Francia,Western Europe,Europe
LOC-02845,Teziutlán,Puebla,México,Central America,LATAM
LOC-02846,Verviers,Lieja,Bélgica,Western Europe,Europe
LOC-02847,Brentwood,California,Estados Unidos,West of USA,USCA
LOC-02848,Echuca,Victoria,Australia,Oceania,Pacific Asia
LOC-02849,Atlantic City,Nueva Jersey,Estados Unidos,East of USA,USCA
LOC-02850,Kaiserslautern,Renania-Palatinado,Alemania,Western Europe,Europe
LOC-02851,Patrocínio,Minas Gerais,Brasil,South America,LATAM
LOC-02852,Ratlam,Madhya Pradesh,India,South Asia,Pacific Asia
LOC-02853,Varese,Lombardía,Italia,Southern Europe,Europe
LOC-02854,Plaisir,Isla de Francia,Francia,Western Europe,Europe
LOC-02855,Huambo,Huambo,Angola,Central Africa,Africa
LOC-02856,Macheng,Hubei,China,Eastern Asia,Pacific Asia
LOC-02857,Medford,Oregón,Estados Unidos,West of USA,USCA
LOC-02858,Al Mahallah al Kubra,Gharbia,Egipto,North Africa,Africa
LOC-02859,Matadi,Bajo Congo,República Democrática del Congo,Central Africa,Africa
LOC-02860,Makurdi,Benue,Nigeria,West Africa,Africa
LOC-02861,Savona,Liguria,Italia,Southern Europe,Europe
LOC-02862,Bielsko-Biala,Silesia,Polonia,Eastern Europe,Europe
LOC-02863,Bagnolet,Isla de Francia,Francia,Western Europe,Europe
LOC-02864,Lugoj,Timis,Rumania,Eastern Europe,Europe
LOC-02865,Crotone,Calabria,Italia,Southern Europe,Europe
LOC-02866,Northwich,Inglaterra,Reino Unido,Northern Europe,Europe
LOC-02867,Quibdó,Chocó,Colombia,South America,LATAM
LOC-02868,Uberlândia,Minas Gerais,Brasil,South America,LATAM
LOC-02869,Dehra Dun,Uttarakhand,India,South Asia,Pacific Asia
LOC-02870,Najafabad,Isfahán,Irán,South Asia,Pacific Asia
LOC-02871,Hamamatsu,Shizuoka,Japón,Eastern Asia,Pacific Asia
LOC-02872,Cranston,Rhode Island,Estados Unidos,East of USA,USCA
LOC-02873,Burlington,Iowa,Estados Unidos,US Center,USCA
LOC-02874,Niagara Falls,Nueva York,Estados Unidos,East of USA,USCA
LOC-02875,Norwich,Connecticut,Estados Unidos,East of USA,USCA
LOC-02876,Vence,Provenza-Alpes-Costa Azul,Francia,Western Europe,Europe
LOC-02877,Fontenay-sous-Bois,Isla de Francia,Francia,Western Europe,Europe
LOC-02878,Agde,Languedoc-Rosellón-Mediodía-Pirineos,Francia,Western Europe,Europe
LOC-02879,Hiratsuka,Kanagawa,Japón,Eastern Asia,Pacific Asia
LOC-02880,Rapid City,Dakota del Sur,Estados Unidos,US Center,USCA
LOC-02881,Bagamoyo,Pwani,Tanzania,East Africa,Africa
LOC-02882,Brighton,Inglaterra,Reino Unido,Northern Europe,Europe
LOC-02883,Paulista,Pernambuco,Brasil,South America,LATAM
LOC-02884,Piatra-Neamt,Neamt,Rumania,Eastern Europe,Europe
LOC-02885,Niterói,Río de Janeiro,Brasil,South America,LATAM
LOC-02886,Ipswich,Inglaterra,Reino Unido,Northern Europe,Europe
LOC-02887,Perth Amboy,Nueva Jersey,Estados Unidos,East of USA,USCA
LOC-02888,Manisa,Manisa,Turquía,West Asia,Pacific Asia
LOC-02889,Thomasville,Carolina del Norte,Estados Unidos,South of  USA,USCA
LOC-02890,Pocatello,Idaho,Estados Unidos,West of USA,USCA
LOC-02891,Pueblo,Colorado,Estados Unidos,West of USA,USCA
LOC-02892,Kindu,Maniema,República Democrática del Congo,Central Africa,Africa
LOC-02893,Matola,Maputo,Mozambique,East Africa,Africa
LOC-02894,Loum,Littoral,Camerún,Central Africa,Africa
LOC-02895,Gela,Sicilia,Italia,Southern Europe,Europe
LOC-02896,Kaspiysk,Daguestán,Rusia,Eastern Europe,Europe
LOC-02897,Bergisch Gladbach,Renania del Norte-Westfalia,Alemania,Western Europe,Europe
LOC-02898,Saint-Priest,Auvernia-Ródano-Alpes,Francia,Western Europe,Europe
LOC-02899,La Madeleine,Norte-Paso de Calais-Picardía,Francia,Western Europe,Europe
LOC-02900,Livingston,Escocia,Reino Unido,Northern Europe,Europe
LOC-02901,Saint-Avold,Alsacia-Champaña-Ardenas-Lorena,Francia,Western Europe,Europe
LOC-02902,Lormont,Aquitania-Lemosín-Poitou-Charentes,Francia,Western Europe,Europe
LOC-02903,Siedlce,Mazovia,Polonia,Eastern Europe,Europe
LOC-02904,La Chorrera,Panamá,Panamá,Central America,LATAM
LOC-02905,Río Bravo,Tamaulipas,México,Central America,LATAM
LOC-02906,Yuyao,Zhejiang,China,Eastern Asia,Pacific Asia
LOC-02907,Margate,Inglaterra,Reino Unido,Northern Europe,Europe
LOC-02908,Annonay,Auvernia-Ródano-Alpes,Francia,Western Europe,Europe
LOC-02909,Siena,Toscana,Italia,Southern Europe,Europe
LOC-02910,Carvin,Norte-Paso de Calais-Picardía,Francia,Western Europe,Europe
LOC-02911,San Luis,San Luis,Argentina,South America,LATAM
LOC-02912,Linhai,Zhejiang,China,Eastern Asia,Pacific Asia
LOC-02913,Samsun,Samsun,Turquía,West Asia,Pacific Asia
LOC-02914,Deyang,Sichuan,China,Eastern Asia,Pacific Asia
LOC-02915,Shaoxing,Zhejiang,China,Eastern Asia,Pacific Asia
LOC-02916,Linyi,Shandong,China,Eastern Asia,Pacific Asia
LOC-02917,Hailin,Heilongjiang,China,Eastern Asia,Pacific Asia
LOC-02918,Maple Grove,Minnesota,Estados Unidos,US Center,USCA
LOC-02919,Logan,Utah,Estados Unidos,West of USA,USCA
LOC-02920,Madison,Wisconsin,Estados Unidos,US Center,USCA
LOC-02921,Ain Oussera,Djelfa,Argelia,North Africa,Africa
LOC-02922,Vitória da Conquista,Bahía,Brasil,South America,LATAM
LOC-02923,Tembisa,Gauteng,SudAfrica,Southern Africa,Africa
LOC-02924,Umtata,Cabo Oriental,SudAfrica,Southern Africa,Africa
LOC-02925,Barletta,Apulia,Italia,Southern Europe,Europe
LOC-02926,Hod HaSharon,Central,Israel,West Asia,Pacific Asia
LOC-02927,Cavaillon,Provenza-Alpes-Costa Azul,Francia,Western Europe,Europe
LOC-02928,Vaulx-en-Velin,Auvernia-Ródano-Alpes,Francia,Western Europe,Europe
LOC-02929,Montbrison,Auvernia-Ródano-Alpes,Francia,Western Europe,Europe
LOC-02930,Clifton,Nueva Jersey,Estados Unidos,East of USA,USCA
LOC-02931,Tete,Tete,Mozambique,East Africa,Africa
LOC-02932,Sindelfingen,Baden-Wurtemberg,Alemania,Western Europe,Europe
LOC-02933,Wafangdian,Liaoning,China,Eastern Asia,Pacific Asia
LOC-02934,Kasala,Kasala,Sudán,North Africa,Africa
LOC-02935,Eggenstein-Leopoldshafen,Baden-Wurtemberg,Alemania,Western Europe,Europe
LOC-02936,Cártama,Andalucía,España,Southern Europe,Europe
LOC-02937,La Roche-sur-Yon,Países del Loira,Francia,Western Europe,Europe
LOC-02938,Kassel,Hesse,Alemania,Western Europe,Europe
LOC-02939,Kristiansand,Vest-Agder,Noruega,Northern Europe,Europe
LOC-02940,Iserlohn,Renania del Norte-Westfalia,Alemania,Western Europe,Europe
LOC-02941,Blagoveshchensk,Bashkortostán,Rusia,Eastern Europe,Europe
LOC-02942,Thiais,Isla de Francia,Francia,Western Europe,Europe
LOC-02943,Marano di Napoli,Campania,Italia,Southern Europe,Europe
LOC-02944,Luohe,Henan,China,Eastern Asia,Pacific Asia
LOC-02945,Jiamusi,Heilongjiang,China,Eastern Asia,Pacific Asia
LOC-02946,Shushtar,Juzestán,Irán,South Asia,Pacific Asia
LOC-02947,Hebi,Henan,China,Eastern Asia,Pacific Asia
LOC-02948,Kupang,Nusa Tenggara Oriental,Indonesia,Southeast Asia,Pacific Asia
LOC-02949,Shizuishan,Ningxia Hui,China,Eastern Asia,Pacific Asia
LOC-02950,Reno,Nevada,Estados Unidos,West of USA,USCA
LOC-02951,Belleville,Nueva Jersey,Estados Unidos,East of USA,USCA
LOC-02952,Bayonne,Nueva Jersey,Estados Unidos,East of USA,USCA
LOC-02953,Burbank,California,Estados Unidos,West of USA,USCA
LOC-02954,Tlemcen,Tlemcen,Argelia,North Africa,Africa
LOC-02955,Olomouc,Olomouc,República Checa,Eastern Europe,Europe
LOC-02956,Moulins,Auvernia,Francia,Western Europe,Europe
LOC-02957,Barreiras,Bahía,Brasil,South America,LATAM
LOC-02958,Camocim,Ceará,Brasil,South America,LATAM
LOC-02959,Nevsehir,Nevsehir,Turquía,West Asia,Pacific Asia
LOC-02960,Aksu,Xinjiang Uygur,China,Eastern Asia,Pacific Asia
LOC-02961,Passos,Minas Gerais,Brasil,South America,LATAM
LOC-02962,Campina Grande,Paraíba,Brasil,South America,LATAM
LOC-02963,Floridablanca,Santander,Colombia,South America,LATAM
LOC-02964,Punta Arenas,Magallanes y Antártica Chilena,Chile,South America,LATAM
LOC-02965,Lins,São Paulo,Brasil,South America,LATAM
LOC-02966,Kawasaki,Fukuoka,Japón,Eastern Asia,Pacific Asia
LOC-02967,Wuxi,Hunan,China,Eastern Asia,Pacific Asia
LOC-02968,Nagaoka,Shizuoka,Japón,Eastern Asia,Pacific Asia
LOC-02969,Jodhpur,Guyarat,India,South Asia,Pacific Asia
LOC-02970,Yibin,Sichuan,China,Eastern Asia,Pacific Asia
LOC-02971,Sialkot,Punyab,Pakistán,South Asia,Pacific Asia
LOC-02972,Yushu,Jilin,China,Eastern Asia,Pacific Asia
LOC-02973,Richardson,Texas,Estados Unidos,US Center,USCA
LOC-02974,Danville,California,Estados Unidos,West of USA,USCA
LOC-02975,Zhangjiakou,Hebei,China,Eastern Asia,Pacific Asia
LOC-02976,Warner Robins,Georgia,Estados Unidos,South of  USA,USCA
LOC-02977,Tekirdag,Tekirdag,Turquía,West Asia,Pacific Asia
LOC-02978,Villeparisis,Isla de Francia,Francia,Western Europe,Europe
LOC-02979,Kamarhati,Bengala Occidental,India,South Asia,Pacific Asia
LOC-02980,Orsay,Isla de Francia,Francia,Western Europe,Europe
LOC-02981,Acayucan,Veracruz,México,Central America,LATAM
LOC-02982,Guarujá,São Paulo,Brasil,South America,LATAM
LOC-02983,Catanduva,São Paulo,Brasil,South America,LATAM
LOC-02984,Sogamoso,Boyacá,Colombia,South America,LATAM
LOC-02985,Zhytómyr,Zhytómyr,Ucrania,Eastern Europe,Europe
LOC-02986,Orsha,Vitsyebsk,Bielorrusia,Eastern Europe,Europe
LOC-02987,Zenica,Federación de Bosnia y Herzegovina,Bosnia y Herzegovina,Southern Europe,Europe
LOC-02988,Springdale,Arkansas,Estados Unidos,South of  USA,USCA
LOC-02989,Sanford,Florida,Estados Unidos,South of  USA,USCA
LOC-02990,Hillsboro,Oregón,Estados Unidos,West of USA,USCA
LOC-02991,Anyang,Gyeonggi,Corea del Sur,Eastern Asia,Pacific Asia
LOC-02992,Oyama,Tochigi,Japón,Eastern Asia,Pacific Asia
LOC-02993,Darlington,Inglaterra,Reino Unido,Northern Europe,Europe
LOC-02994,Tapachula,Chiapas,México,Central America,LATAM
LOC-02995,Londrina,Paraná,Brasil,South America,LATAM
LOC-02996,Disuq,Kafr el Sheij,Egipto,North Africa,Africa
LOC-02997,Oakville,Ontario,Canada,Canada,USCA
LOC-02998,Manteca,California,Estados Unidos,West of USA,USCA
LOC-02999,Stolberg,Renania del Norte-Westfalia,Alemania,Western Europe,Europe
LOC-03000,Les Herbiers,Países del Loira,Francia,Western Europe,Europe
LOC-03001,Modena,Emilia-Romaña,Italia,Southern Europe,Europe
LOC-03002,Duitama,Boyacá,Colombia,South America,LATAM
LOC-03003,Tremblay-en-France,Isla de Francia,Francia,Western Europe,Europe
LOC-03004,Southampton,Inglaterra,Reino Unido,Northern Europe,Europe
LOC-03005,Günzburg,Bavaria,Alemania,Western Europe,Europe
LOC-03006,Porlamar,Nueva Esparta,Venezuela,South America,LATAM
LOC-03007,San Luis Obispo,California,Estados Unidos,West of USA,USCA
LOC-03008,Burnie,Tasmania,Australia,Oceania,Pacific Asia
LOC-03009,Ninghai,Zhejiang,China,Eastern Asia,Pacific Asia
LOC-03010,Zhoukou,Henan,China,Eastern Asia,Pacific Asia
LOC-03011,Hamme,Flanders Oriental,Bélgica,Western Europe,Europe
LOC-03012,Manfredonia,Apulia,Italia,Southern Europe,Europe
LOC-03013,Ancona,Marche,Italia,Southern Europe,Europe
LOC-03014,Iskenderun,Hatay,Turquía,West Asia,Pacific Asia
LOC-03015,Al Hudayda,Al Hudayda,Yemen,West Asia,Pacific Asia
LOC-03016,Guelma,Guelma,Argelia,North Africa,Africa
LOC-03017,Bugía,Bugía,Argelia,North Africa,Africa
LOC-03018,Trebisonda,Trebisonda,Turquía,West Asia,Pacific Asia
LOC-03019,Bisáu,Bisáu,Guinea-Bissau,West Africa,Africa
LOC-03020,Ras al Khaymah,Ras al-Jaima,Emiratos Árabes Unidos,West Asia,Pacific Asia
LOC-03021,Shagamu,Ogun,Nigeria,West Africa,Africa
LOC-03022,Lodi,California,Estados Unidos,West of USA,USCA
LOC-03023,Longmont,Colorado,Estados Unidos,West of USA,USCA
LOC-03024,Thornton,Colorado,Estados Unidos,West of USA,USCA
LOC-03025,Santa Maria,California,Estados Unidos,West of USA,USCA
LOC-03026,Indaiatuba,São Paulo,Brasil,South America,LATAM
LOC-03027,Prato,Toscana,Italia,Southern Europe,Europe
LOC-03028,Kirovohrad,Kirovohrad,Ucrania,Eastern Europe,Europe
LOC-03029,Mallawi,Menia,Egipto,North Africa,Africa
LOC-03030,Taraz,Zhambyl,Kazajistán,Central Asia,Pacific Asia
LOC-03031,Kocaeli,Kocaeli,Turquía,West Asia,Pacific Asia
LOC-03032,Gresham,Oregón,Estados Unidos,West of USA,USCA
LOC-03033,Karimnagar,Telangana,India,South Asia,Pacific Asia
LOC-03034,Shangyu,Zhejiang,China,Eastern Asia,Pacific Asia
LOC-03035,Sargodha,Punyab,Pakistán,South Asia,Pacific Asia
LOC-03036,Wuhai,Mongolia Interior,China,Eastern Asia,Pacific Asia
LOC-03037,Montceau-les-Mines,Borgoña-Franco Condado,Francia,Western Europe,Europe
LOC-03038,Molfetta,Apulia,Italia,Southern Europe,Europe
LOC-03039,Thionville,Alsacia-Champaña-Ardenas-Lorena,Francia,Western Europe,Europe
LOC-03040,Saint-Chamond,Auvernia-Ródano-Alpes,Francia,Western Europe,Europe
LOC-03041,Vesoul,Borgoña-Franco Condado,Francia,Western Europe,Europe
LOC-03042,Helmond,Brabante Septentrional,Países Bajos,Western Europe,Europe
LOC-03043,Chorzow,Silesia,Polonia,Eastern Europe,Europe
LOC-03044,Split,Split-Dalmacia,Croacia,Southern Europe,Europe
LOC-03045,Berck,Norte-Paso de Calais-Picardía,Francia,Western Europe,Europe
LOC-03046,Le Pré-Saint-Gervais,Isla de Francia,Francia,Western Europe,Europe
LOC-03047,Tournai,Henao,Bélgica,Western Europe,Europe
LOC-03048,Vallauris,Provenza-Alpes-Costa Azul,Francia,Western Europe,Europe
LOC-03049,Castelnau-le-Lez,Languedoc-Rosellón-Mediodía-Pirineos,Francia,Western Europe,Europe
LOC-03050,Santiago del Estero,Santiago del Estero,Argentina,South America,LATAM
LOC-03051,Quilmes,Buenos Aires (provincia),Argentina,South America,LATAM
LOC-03052,Heze,Shandong,China,Eastern Asia,Pacific Asia
LOC-03053,Renqiu,Hebei,China,Eastern Asia,Pacific Asia
LOC-03054,Matsumoto,Nagano,Japón,Eastern Asia,Pacific Asia
LOC-03055,Kars,Kars,Turquía,West Asia,Pacific Asia
LOC-03056,Satna,Madhya Pradesh,India,South Asia,Pacific Asia
LOC-03057,Aksaray,Aksaray,Turquía,West Asia,Pacific Asia
LOC-03058,Noda,Chiba,Japón,Eastern Asia,Pacific Asia
LOC-03059,Paraparaumu,Wellington,Nueva Zelanda,Oceania,Pacific Asia
LOC-03060,Pompano Beach,Florida,Estados Unidos,South of  USA,USCA
LOC-03061,Owensboro,Kentucky,Estados Unidos,South of  USA,USCA
LOC-03062,Urbandale,Iowa,Estados Unidos,US Center,USCA
LOC-03063,Altoona,Pensilvania,Estados Unidos,East of USA,USCA
LOC-03064,Highland Park,Illinois,Estados Unidos,US Center,USCA
LOC-03065,Tanga,Tanga,Tanzania,East Africa,Africa
LOC-03066,Zilina,ilina,Eslovaquia,Eastern Europe,Europe
LOC-03067,Bisceglie,Apulia,Italia,Southern Europe,Europe
LOC-03068,San Angelo,Texas,Estados Unidos,US Center,USCA
LOC-03069,Bouake,Vallée du Bandama,Costa de Marfil,West Africa,Africa
LOC-03070,Choisy-le-Roi,Isla de Francia,Francia,Western Europe,Europe
LOC-03071,Xiangfan,Hubei,China,Eastern Asia,Pacific Asia
LOC-03072,Kenner,Luisiana,Estados Unidos,South of  USA,USCA
LOC-03073,Mentor,Ohio,Estados Unidos,East of USA,USCA
LOC-03074,Chengjiang,Jiangsu,China,Eastern Asia,Pacific Asia
LOC-03075,Silivri,Estambul,Turquía,West Asia,Pacific Asia
LOC-03076,Ouidah,Departamento Atlántico,Benín,West Africa,Africa
LOC-03077,Idfu,Aswan,Egipto,North Africa,Africa
LOC-03078,Barika,Batna,Argelia,North Africa,Africa
LOC-03079,Annecy-le-Vieux,Auvernia-Ródano-Alpes,Francia,Western Europe,Europe
LOC-03080,Villiers-le-Bel,Isla de Francia,Francia,Western Europe,Europe
LOC-03081,Rochefort,Aquitania-Lemosín-Poitou-Charentes,Francia,Western Europe,Europe
LOC-03082,Bratsk,Irkutsk,Rusia,Eastern Europe,Europe
LOC-03083,High Wycombe,Inglaterra,Reino Unido,Northern Europe,Europe
LOC-03084,Huddinge,Estocolmo,Suecia,Northern Europe,Europe
LOC-03085,Halesowen,Inglaterra,Reino Unido,Northern Europe,Europe
LOC-03086,Galway,Galway,Irlanda,Northern Europe,Europe
LOC-03087,Weimar,Turingia,Alemania,Western Europe,Europe
LOC-03088,Saint-Pol-sur-Mer,Norte-Paso de Calais-Picardía,Francia,Western Europe,Europe
LOC-03089,Salavat,Bashkortostán,Rusia,Eastern Europe,Europe
LOC-03090,Haguenau,Alsacia-Champaña-Ardenas-Lorena,Francia,Western Europe,Europe
LOC-03091,Lorient,Bretaña,Francia,Western Europe,Europe
LOC-03092,Orihuela,Valenciana,España,Southern Europe,Europe
LOC-03093,Blanquefort,Aquitania-Lemosín-Poitou-Charentes,Francia,Western Europe,Europe
LOC-03094,Rheine,Renania del Norte-Westfalia,Alemania,Western Europe,Europe
LOC-03095,Sheboygan,Wisconsin,Estados Unidos,US Center,USCA
LOC-03096,Chimoio,Manica,Mozambique,East Africa,Africa
LOC-03097,Maastricht,Limburgo,Países Bajos,Western Europe,Europe
LOC-03098,Southport,Inglaterra,Reino Unido,Northern Europe,Europe
LOC-03099,Gandia,Valenciana,España,Southern Europe,Europe
LOC-03100,Baden-Baden,Baden-Wurtemberg,Alemania,Western Europe,Europe
LOC-03101,Montfermeil,Isla de Francia,Francia,Western Europe,Europe
LOC-03102,Saint-Gratien,Isla de Francia,Francia,Western Europe,Europe
LOC-03103,Benidorm,Valenciana,España,Southern Europe,Europe
LOC-03104,Massa,Toscana,Italia,Southern Europe,Europe
LOC-03105,Aix-les-Bains,Auvernia-Ródano-Alpes,Francia,Western Europe,Europe
LOC-03106,Palo Negro,Aragua,Venezuela,South America,LATAM
LOC-03107,Jurema,Pernambuco,Brasil,South America,LATAM
LOC-03108,Nizamabad,Telangana,India,South Asia,Pacific Asia
LOC-03109,Ambon,Maluku,Indonesia,Southeast Asia,Pacific Asia
LOC-03110,Malatya,Malatya,Turquía,West Asia,Pacific Asia
LOC-03111,Mount Pleasant,Carolina del Sur,Estados Unidos,South of  USA,USCA
LOC-03112,Yuma,Arizona,Estados Unidos,West of USA,USCA
LOC-03113,Westland,Michigan,Estados Unidos,US Center,USCA
LOC-03114,West Allis,Wisconsin,Estados Unidos,US Center,USCA
LOC-03115,Cary,Carolina del Norte,Estados Unidos,South of  USA,USCA
LOC-03116,Gap,Provenza-Alpes-Costa Azul,Francia,Western Europe,Europe
LOC-03117,Fuzhou,Fujian,China,Eastern Asia,Pacific Asia
LOC-03118,Xiantao,Hubei,China,Eastern Asia,Pacific Asia
LOC-03119,Ziguinchor,Ziguinchor,Senegal,West Africa,Africa
LOC-03120,Den Helder,Holanda Septentrional,Países Bajos,Western Europe,Europe
LOC-03121,Enschede,Overijssel,Países Bajos,Western Europe,Europe
LOC-03122,Sioux Falls,Dakota del Sur,Estados Unidos,US Center,USCA
LOC-03123,Wheeling,Illinois,Estados Unidos,US Center,USCA
LOC-03124,Manacapuru,Amazonas,Brasil,South America,LATAM
LOC-03125,Líbano,Tennessee,Estados Unidos,South of  USA,USCA
LOC-03126,Summerville,Carolina del Sur,Estados Unidos,South of  USA,USCA
LOC-03127,Nakuru,Gran Valle del Rift,Kenia,East Africa,Africa
LOC-03128,Epworth,Harare,Zimbabue,East Africa,Africa
LOC-03129,Nguigmi,Diffa,Níger,West Africa,Africa
LOC-03130,Parakou,Borgou,Benín,West Africa,Africa
LOC-03131,Woking,Inglaterra,Reino Unido,Northern Europe,Europe
LOC-03132,Barneveld,Güeldres,Países Bajos,Western Europe,Europe
LOC-03133,Hilden,Renania del Norte-Westfalia,Alemania,Western Europe,Europe
LOC-03134,Stockport,Inglaterra,Reino Unido,Northern Europe,Europe
LOC-03135,Greifswald,Mecklemburgo-Pomerania Occidental,Alemania,Western Europe,Europe
LOC-03136,Neu-Ulm,Bavaria,Alemania,Western Europe,Europe
LOC-03137,Waiblingen,Baden-Wurtemberg,Alemania,Western Europe,Europe
LOC-03138,Blois,Centro-Valle de Loira,Francia,Western Europe,Europe
LOC-03139,Gagny,Isla de Francia,Francia,Western Europe,Europe
LOC-03140,Melun,Isla de Francia,Francia,Western Europe,Europe
LOC-03141,Goussainville,Isla de Francia,Francia,Western Europe,Europe
LOC-03142,Faenza,Emilia-Romaña,Italia,Southern Europe,Europe
LOC-03143,Maubeuge,Norte-Paso de Calais-Picardía,Francia,Western Europe,Europe
LOC-03144,Cumbernauld,Escocia,Reino Unido,Northern Europe,Europe
LOC-03145,Amstelveen,Holanda Septentrional,Países Bajos,Western Europe,Europe
LOC-03146,Sallanches,Auvernia-Ródano-Alpes,Francia,Western Europe,Europe
LOC-03147,Divinópolis,Minas Gerais,Brasil,South America,LATAM
LOC-03148,Gulbarga,Karnataka,India,South Asia,Pacific Asia
LOC-03149,Penglai,Shandong,China,Eastern Asia,Pacific Asia
LOC-03150,Xingtai,Hebei,China,Eastern Asia,Pacific Asia
LOC-03151,Kaiyuan,Yunnan,China,Eastern Asia,Pacific Asia
LOC-03152,Randfontein,Gauteng,SudAfrica,Southern Africa,Africa
LOC-03153,Segovia,Castilla y León,España,Southern Europe,Europe
LOC-03154,Chioggia,Véneto,Italia,Southern Europe,Europe
LOC-03155,Gliwice,Silesia,Polonia,Eastern Europe,Europe
LOC-03156,Lons-le-Saunier,Borgoña-Franco Condado,Francia,Western Europe,Europe
LOC-03157,San Antonio,Valparaíso,Chile,South America,LATAM
LOC-03158,Catalão,Goiás,Brasil,South America,LATAM
LOC-03159,Langfang,Hebei,China,Eastern Asia,Pacific Asia
LOC-03160,Ramat Gan,Tel Aviv,Israel,West Asia,Pacific Asia
LOC-03161,Adiyaman,Adiyaman,Turquía,West Asia,Pacific Asia
LOC-03162,Timaru,Canterbury,Nueva Zelanda,Oceania,Pacific Asia
LOC-03163,Huzhou,Zhejiang,China,Eastern Asia,Pacific Asia
LOC-03164,Bandar-e Anzali,Guilán,Irán,South Asia,Pacific Asia
LOC-03165,Boise,Idaho,Estados Unidos,West of USA,USCA
LOC-03166,Lancaster,California,Estados Unidos,West of USA,USCA
LOC-03167,Salinas,California,Estados Unidos,West of USA,USCA
LOC-03168,Warwick,Rhode Island,Estados Unidos,East of USA,USCA
LOC-03169,Santa Helena,Marañón,Brasil,South America,LATAM
LOC-03170,Concarneau,Bretaña,Francia,Western Europe,Europe
LOC-03171,Goulburn,Nueva Gales del Sur,Australia,Oceania,Pacific Asia
LOC-03172,Abilene,Texas,Estados Unidos,US Center,USCA
LOC-03173,Bowling Green,Ohio,Estados Unidos,East of USA,USCA
LOC-03174,Chapel Allerton,Inglaterra,Reino Unido,Northern Europe,Europe
LOC-03175,Jinja,Jinja,Uganda,East Africa,Africa
LOC-03176,Baraki,Tipaza,Argelia,North Africa,Africa
LOC-03177,Centurion,Gauteng,SudAfrica,Southern Africa,Africa
LOC-03178,Uvinza,Kigoma,Tanzania,East Africa,Africa
LOC-03179,Morogoro,Morogoro,Tanzania,East Africa,Africa
LOC-03180,Toamasina,Atsinanana,Madagascar,East Africa,Africa
LOC-03181,Asiut,Asiut,Egipto,North Africa,Africa
LOC-03182,Voiron,Auvernia-Ródano-Alpes,Francia,Western Europe,Europe
LOC-03183,Stralsund,Mecklemburgo-Pomerania Occidental,Alemania,Western Europe,Europe
LOC-03184,La Crau,Provenza-Alpes-Costa Azul,Francia,Western Europe,Europe
LOC-03185,Bury,Inglaterra,Reino Unido,Northern Europe,Europe
LOC-03186,Kalundborg,Selandia,Dinamarca,Northern Europe,Europe
LOC-03187,Bergen op Zoom,Brabante Septentrional,Países Bajos,Western Europe,Europe
LOC-03188,Oleksandriya,Kirovohrad,Ucrania,Eastern Europe,Europe
LOC-03189,Kidderminster,Inglaterra,Reino Unido,Northern Europe,Europe
LOC-03190,Gy?r,Gy?r,Hungría,Eastern Europe,Europe
LOC-03191,Dole,Borgoña-Franco Condado,Francia,Western Europe,Europe
LOC-03192,Vittoria,Sicilia,Italia,Southern Europe,Europe
LOC-03193,Nysa,Opole,Polonia,Eastern Europe,Europe
LOC-03194,Sousa,Paraíba,Brasil,South America,LATAM
LOC-03195,Jaú,São Paulo,Brasil,South America,LATAM
LOC-03196,El Tigre,Anzoátegui,Venezuela,South America,LATAM
LOC-03197,Lajeado,Rio Grande do Sul,Brasil,South America,LATAM
LOC-03198,Toledo,Paraná,Brasil,South America,LATAM
LOC-03199,Jiaohe,Jilin,China,Eastern Asia,Pacific Asia
LOC-03200,Anshun,Guizhou,China,Eastern Asia,Pacific Asia
LOC-03201,Mataram,Nusatenggara Occidental,Indonesia,Southeast Asia,Pacific Asia
LOC-03202,Kure,Hiroshima,Japón,Eastern Asia,Pacific Asia
LOC-03203,Afyon,Afyonkarahisar,Turquía,West Asia,Pacific Asia
LOC-03204,Jayapura,Papua,Indonesia,Southeast Asia,Pacific Asia
LOC-03205,Tarsus,Mersin,Turquía,West Asia,Pacific Asia
LOC-03206,Diyarbakir,Diyarbakir,Turquía,West Asia,Pacific Asia
LOC-03207,Jingmen,Hubei,China,Eastern Asia,Pacific Asia
LOC-03208,Quanzhou,Fujian,China,Eastern Asia,Pacific Asia
LOC-03209,Marion,Iowa,Estados Unidos,US Center,USCA
LOC-03210,Lancaster,Pensilvania,Estados Unidos,East of USA,USCA
LOC-03211,Chilly-Mazarin,Isla de Francia,Francia,Western Europe,Europe
LOC-03212,Matehuala,San Luis Potosí,México,Central America,LATAM
LOC-03213,Arcoverde,Pernambuco,Brasil,South America,LATAM
LOC-03214,Kawagoe,Saitama,Japón,Eastern Asia,Pacific Asia
LOC-03215,Shahjahanpur,Uttar Pradesh,India,South Asia,Pacific Asia
LOC-03216,Barddhaman,Bengala Occidental,India,South Asia,Pacific Asia
LOC-03217,Çanakkale,Çanakkale,Turquía,West Asia,Pacific Asia
LOC-03218,New Brunswick,Nueva Jersey,Estados Unidos,East of USA,USCA
LOC-03219,Cottage Grove,Minnesota,Estados Unidos,US Center,USCA
LOC-03220,Gladstone,Misuri,Estados Unidos,US Center,USCA
LOC-03221,Eau Claire,Wisconsin,Estados Unidos,US Center,USCA
LOC-03222,Chico,California,Estados Unidos,West of USA,USCA
LOC-03223,Burnaby,Columbia británica,Canada,Canada,USCA
LOC-03224,Modesto,California,Estados Unidos,West of USA,USCA
LOC-03225,Elbasan,Elbasan,Albania,Southern Europe,Europe
LOC-03226,Concord,California,Estados Unidos,West of USA,USCA
LOC-03227,Dartmouth,Nueva Escocia,Canada,Canada,USCA
LOC-03228,Hamilton,Ohio,Estados Unidos,East of USA,USCA
LOC-03229,Lagny-sur-Marne,Isla de Francia,Francia,Western Europe,Europe
LOC-03230,Guatire,Miranda,Venezuela,South America,LATAM
LOC-03231,Samarra,Saladino,Irak,West Asia,Pacific Asia
LOC-03232,Macon,Georgia,Estados Unidos,South of  USA,USCA
LOC-03233,West Palm Beach,Florida,Estados Unidos,South of  USA,USCA
LOC-03234,Tulle,Aquitania-Lemosín-Poitou-Charentes,Francia,Western Europe,Europe
LOC-03235,Barretos,São Paulo,Brasil,South America,LATAM
LOC-03236,Erechim,Rio Grande do Sul,Brasil,South America,LATAM
LOC-03237,Huixquilucan,México,México,Central America,LATAM
LOC-03238,Shuangcheng,Heilongjiang,China,Eastern Asia,Pacific Asia
LOC-03239,Tripoli,Líbano del Norte,Líbano,West Asia,Pacific Asia
LOC-03240,Foshan,Guangdong,China,Eastern Asia,Pacific Asia
LOC-03241,Suizhou,Hubei,China,Eastern Asia,Pacific Asia
LOC-03242,Ube,Yamaguchi,Japón,Eastern Asia,Pacific Asia
LOC-03243,Meizhou,Guangdong,China,Eastern Asia,Pacific Asia
LOC-03244,Tongliao,Mongolia Interior,China,Eastern Asia,Pacific Asia
LOC-03245,Revere,Massachusetts,Estados Unidos,East of USA,USCA
LOC-03246,Hamilton,Ontario,Canada,Canada,USCA
LOC-03247,Hot Springs,Arkansas,Estados Unidos,South of  USA,USCA
LOC-03248,Woodstock,Illinois,Estados Unidos,US Center,USCA
LOC-03249,Rochester Hills,Michigan,Estados Unidos,US Center,USCA
LOC-03250,Bullhead City,Arizona,Estados Unidos,West of USA,USCA
LOC-03251,Vilhena,Rondônia,Brasil,South America,LATAM
LOC-03252,Milford,Connecticut,Estados Unidos,East of USA,USCA
LOC-03253,Renton,Washington,Estados Unidos,West of USA,USCA
LOC-03254,Issoire,Auvernia,Francia,Western Europe,Europe
LOC-03255,Mariupol,Donetsk,Ucrania,Eastern Europe,Europe
LOC-03256,Albertville,Auvernia-Ródano-Alpes,Francia,Western Europe,Europe
LOC-03257,Khasavyurt,Daguestán,Rusia,Eastern Europe,Europe
LOC-03258,Leoben,Stiria,Austria,Western Europe,Europe
LOC-03259,Wetter (Ruhr),Renania del Norte-Westfalia,Alemania,Western Europe,Europe
LOC-03260,Coudekerque-Branche,Norte-Paso de Calais-Picardía,Francia,Western Europe,Europe
LOC-03261,Poitiers,Aquitania-Lemosín-Poitou-Charentes,Francia,Western Europe,Europe
LOC-03262,Trani,Apulia,Italia,Southern Europe,Europe
LOC-03263,Santa Cruz do Sul,Rio Grande do Sul,Brasil,South America,LATAM
LOC-03264,Paramaribo,Paramaribo,Surinam,South America,LATAM
LOC-03265,Guatemala City,Guatemala,Guatemala,Central America,LATAM
LOC-03266,Cassilândia,Mato Grosso del Sur,Brasil,South America,LATAM
LOC-03267,Xuanhua,Hebei,China,Eastern Asia,Pacific Asia
LOC-03268,Leshan,Sichuan,China,Eastern Asia,Pacific Asia
LOC-03269,Hisar,Haryana,India,South Asia,Pacific Asia
LOC-03270,Kasugai,Aichi,Japón,Eastern Asia,Pacific Asia
LOC-03271,Tuscaloosa,Alabama,Estados Unidos,South of  USA,USCA
LOC-03272,Temecula,California,Estados Unidos,West of USA,USCA
LOC-03273,Gulfport,Misisipi,Estados Unidos,South of  USA,USCA
LOC-03274,La Porte,Texas,Estados Unidos,US Center,USCA
LOC-03275,Oxnard,California,Estados Unidos,West of USA,USCA
LOC-03276,Stockton,California,Estados Unidos,West of USA,USCA
LOC-03277,Woonsocket,Rhode Island,Estados Unidos,East of USA,USCA
LOC-03278,Buffalo Grove,Illinois,Estados Unidos,US Center,USCA
LOC-03279,Garland,Texas,Estados Unidos,US Center,USCA
LOC-03280,Edmond,Oklahoma,Estados Unidos,US Center,USCA
LOC-03281,Salon-de-Provence,Provenza-Alpes-Costa Azul,Francia,Western Europe,Europe
LOC-03282,Taylor,Michigan,Estados Unidos,US Center,USCA
LOC-03283,Holland,Michigan,Estados Unidos,US Center,USCA
LOC-03284,Al Amarah,Mesena,Irak,West Asia,Pacific Asia
LOC-03285,Maroua,Extreme-Nord,Camerún,Central Africa,Africa
LOC-03286,Moshi,Kilimanjaro,Tanzania,East Africa,Africa
LOC-03287,Rubí,Cataluña,España,Southern Europe,Europe
LOC-03288,Caluire-et-Cuire,Auvernia-Ródano-Alpes,Francia,Western Europe,Europe
LOC-03289,Pingxiang,Jiangxi,China,Eastern Asia,Pacific Asia
LOC-03290,Waukesha,Wisconsin,Estados Unidos,US Center,USCA
LOC-03291,Lawton,Oklahoma,Estados Unidos,US Center,USCA
LOC-03292,Korla,Xinjiang Uygur,China,Eastern Asia,Pacific Asia
LOC-03293,Yamoussoukro,Lacs,Costa de Marfil,West Africa,Africa
LOC-03294,Qena,Qina,Egipto,North Africa,Africa
LOC-03295,Bergerac,Aquitania-Lemosín-Poitou-Charentes,Francia,Western Europe,Europe
LOC-03296,Sosnowiec,Silesia,Polonia,Eastern Europe,Europe
LOC-03297,Ermont,Isla de Francia,Francia,Western Europe,Europe
LOC-03298,Ludwigsburg,Baden-Wurtemberg,Alemania,Western Europe,Europe
LOC-03299,Delmenhorst,Baja Sajonia,Alemania,Western Europe,Europe
LOC-03300,Quevedo,Los Ríos,Ecuador,South America,LATAM
LOC-03301,Araraquara,São Paulo,Brasil,South America,LATAM
LOC-03302,Chiclayo,Lambayeque,Perú,South America,LATAM
LOC-03303,Santos,São Paulo,Brasil,South America,LATAM
LOC-03304,Riberalta,El Beni,Bolivia,South America,LATAM
LOC-03305,San Ignacio,Distrito de Cayo,Belice,Central America,LATAM
LOC-03306,Taboão da Serra,São Paulo,Brasil,South America,LATAM
LOC-03307,Tumkur,Karnataka,India,South Asia,Pacific Asia
LOC-03308,Cheonan,Chungcheong del Sur,Corea del Sur,Eastern Asia,Pacific Asia
LOC-03309,Boca Raton,Florida,Estados Unidos,South of  USA,USCA
LOC-03310,Andover,Massachusetts,Estados Unidos,East of USA,USCA
LOC-03311,Liubliana,Liubliana,Eslovenia,Southern Europe,Europe
LOC-03312,Suining,Sichuan,China,Eastern Asia,Pacific Asia
LOC-03313,Kandahar,Kandahar,Afganistán,South Asia,Pacific Asia
LOC-03314,Shahreza,Isfahán,Irán,South Asia,Pacific Asia
LOC-03315,Ilam,Ilam,Irán,South Asia,Pacific Asia
LOC-03316,Citrus Heights,California,Estados Unidos,West of USA,USCA
LOC-03317,Loveland,Colorado,Estados Unidos,West of USA,USCA
LOC-03318,Akure,Ondo,Nigeria,West Africa,Africa
LOC-03319,Koidu,Oriental,Sierra Leona,West Africa,Africa
LOC-03320,Uvira,Kivu del Sur,República Democrática del Congo,Central Africa,Africa
LOC-03321,Bauchi,Bauchi,Nigeria,West Africa,Africa
LOC-03322,Fort Portal,Kabarole,Uganda,East Africa,Africa
LOC-03323,Terneuzen,Zelanda,Países Bajos,Western Europe,Europe
LOC-03324,Caraguatatuba,São Paulo,Brasil,South America,LATAM
LOC-03325,Apartadó,Antioquía,Colombia,South America,LATAM
LOC-03326,Plaisance-du-Touch,Languedoc-Rosellón-Mediodía-Pirineos,Francia,Western Europe,Europe
LOC-03327,Clacton-on-Sea,Inglaterra,Reino Unido,Northern Europe,Europe
LOC-03328,Getxo,País Vasco,España,Southern Europe,Europe
LOC-03329,Odivelas,Lisboa,Portugal,Southern Europe,Europe
LOC-03330,Behbahan,Juzestán,Irán,South Asia,Pacific Asia
LOC-03331,Pickering,Ontario,Canada,Canada,USCA
LOC-03332,Gorzow Wielkopolski,Lubusz,Polonia,Eastern Europe,Europe
LOC-03333,Aydin,Aydin,Turquía,West Asia,Pacific Asia
LOC-03334,Majadahonda,Madrid,España,Southern Europe,Europe
LOC-03335,Cuxhaven,Baja Sajonia,Alemania,Western Europe,Europe
LOC-03336,Chatham,Inglaterra,Reino Unido,Northern Europe,Europe
LOC-03337,Bento Gonçalves,Rio Grande do Sul,Brasil,South America,LATAM
LOC-03338,Palmares,Pernambuco,Brasil,South America,LATAM
LOC-03339,Zielona Gora,Lubusz,Polonia,Eastern Europe,Europe
LOC-03340,Woodbury,Minnesota,Estados Unidos,US Center,USCA
LOC-03341,Jalna,Maharashtra,India,South Asia,Pacific Asia
LOC-03342,Crato,Ceará,Brasil,South America,LATAM
LOC-03343,Ciénaga,Magdalena,Colombia,South America,LATAM
LOC-03344,Dax,Aquitania-Lemosín-Poitou-Charentes,Francia,Western Europe,Europe
LOC-03345,Molina de Segura,Murcia,España,Southern Europe,Europe
LOC-03346,San Salvador de Jujuy,Jujuy,Argentina,South America,LATAM
LOC-03347,Halmstad,Halland,Suecia,Northern Europe,Europe
LOC-03348,Gaomi,Shandong,China,Eastern Asia,Pacific Asia
LOC-03349,Wuzhou,Guangxi,China,Eastern Asia,Pacific Asia
LOC-03350,Anantapur,Andhra Pradesh,India,South Asia,Pacific Asia
LOC-03351,Huaihua,Hunan,China,Eastern Asia,Pacific Asia
LOC-03352,Pekalongan,Java Central,Indonesia,Southeast Asia,Pacific Asia
LOC-03353,Xinxiang,Henan,China,Eastern Asia,Pacific Asia
LOC-03354,Guiping,Guangxi,China,Eastern Asia,Pacific Asia
LOC-03355,Sartrouville,Isla de Francia,Francia,Western Europe,Europe
LOC-03356,Bastia,Corse,Francia,Western Europe,Europe
LOC-03357,Guimarães,Braga,Portugal,Southern Europe,Europe
LOC-03358,Civitavecchia,Lacio,Italia,Southern Europe,Europe
LOC-03359,Saint-Louis,Alsacia-Champaña-Ardenas-Lorena,Francia,Western Europe,Europe
LOC-03360,Agen,Aquitania-Lemosín-Poitou-Charentes,Francia,Western Europe,Europe
LOC-03361,Marl,Renania del Norte-Westfalia,Alemania,Western Europe,Europe
LOC-03362,Oullins,Auvernia-Ródano-Alpes,Francia,Western Europe,Europe
LOC-03363,Ragusa,Sicilia,Italia,Southern Europe,Europe
LOC-03364,Caserta,Campania,Italia,Southern Europe,Europe
LOC-03365,Valenciennes,Norte-Paso de Calais-Picardía,Francia,Western Europe,Europe
LOC-03366,Avon,Isla de Francia,Francia,Western Europe,Europe
LOC-03367,Les Pennes-Mirabeau,Provenza-Alpes-Costa Azul,Francia,Western Europe,Europe
LOC-03368,Borken,Renania del Norte-Westfalia,Alemania,Western Europe,Europe
LOC-03369,Eskilstuna,Södermanland,Suecia,Northern Europe,Europe
LOC-03370,Bad Waldsee,Baden-Wurtemberg,Alemania,Western Europe,Europe
LOC-03371,South Shields,Inglaterra,Reino Unido,Northern Europe,Europe
LOC-03372,Osny,Isla de Francia,Francia,Western Europe,Europe
LOC-03373,Mâcon,Borgoña-Franco Condado,Francia,Western Europe,Europe
LOC-03374,Loos,Norte-Paso de Calais-Picardía,Francia,Western Europe,Europe
LOC-03375,Houilles,Isla de Francia,Francia,Western Europe,Europe
LOC-03376,Stourbridge,Inglaterra,Reino Unido,Northern Europe,Europe
LOC-03377,Barcelona,Anzoátegui,Venezuela,South America,LATAM
LOC-03378,Andradina,São Paulo,Brasil,South America,LATAM
LOC-03379,Pato Branco,Paraná,Brasil,South America,LATAM
LOC-03380,Floriano,Piauí,Brasil,South America,LATAM
LOC-03381,Guarenas,Miranda,Venezuela,South America,LATAM
LOC-03382,Palhoça,Santa Catarina,Brasil,South America,LATAM
LOC-03383,Cadereyta,Nuevo León,México,Central America,LATAM
LOC-03384,Villavicencio,Meta,Colombia,South America,LATAM
LOC-03385,Delicias,Chihuahua,México,Central America,LATAM
LOC-03386,Franco da Rocha,São Paulo,Brasil,South America,LATAM
LOC-03387,Fernando de la Mora,Central,Paraguay,South America,LATAM
LOC-03388,Várzea Grande,Mato Grosso,Brasil,South America,LATAM
LOC-03389,Gravatá,Pernambuco,Brasil,South America,LATAM
LOC-03390,Babol,Mazandarán,Irán,South Asia,Pacific Asia
LOC-03391,Mau,Uttar Pradesh,India,South Asia,Pacific Asia
LOC-03392,Clovis,Nuevo México,Estados Unidos,West of USA,USCA
LOC-03393,Saint-Cloud,Isla de Francia,Francia,Western Europe,Europe
LOC-03394,Igdir,Igdir,Turquía,West Asia,Pacific Asia
LOC-03395,Chipata,Oriental,Zambia,East Africa,Africa
LOC-03396,Yantai,Shandong,China,Eastern Asia,Pacific Asia
LOC-03397,Zinder,Zinder,Níger,West Africa,Africa
LOC-03398,Feira,Aveiro,Portugal,Southern Europe,Europe
LOC-03399,Pila,Gran Polonia,Polonia,Eastern Europe,Europe
LOC-03400,Ferndown,Inglaterra,Reino Unido,Northern Europe,Europe
LOC-03401,Santa Rosa,La Pampa,Argentina,South America,LATAM
LOC-03402,Yiyang,Hunan,China,Eastern Asia,Pacific Asia
LOC-03403,Inegol,Bursa,Turquía,West Asia,Pacific Asia
LOC-03404,Delray Beach,Florida,Estados Unidos,South of  USA,USCA
LOC-03405,Murrieta,California,Estados Unidos,West of USA,USCA
LOC-03406,Stevenage,Inglaterra,Reino Unido,Northern Europe,Europe
LOC-03407,Berdyans'k,Zaporiyia,Ucrania,Eastern Europe,Europe
LOC-03408,Karliova,Bingöl,Turquía,West Asia,Pacific Asia
LOC-03409,Roman,Neamt,Rumania,Eastern Europe,Europe
LOC-03410,Neuwied,Renania-Palatinado,Alemania,Western Europe,Europe
LOC-03411,Amersfoort,Utrecht,Países Bajos,Western Europe,Europe
LOC-03412,Roosendaal,Brabante Septentrional,Países Bajos,Western Europe,Europe
LOC-03413,Polatsk,Vitsyebsk,Bielorrusia,Eastern Europe,Europe
LOC-03414,Saqqez,Kurdistán,Irán,South Asia,Pacific Asia
LOC-03415,Nijmegen,Güeldres,Países Bajos,Western Europe,Europe
LOC-03416,Montargis,Centro-Valle de Loira,Francia,Western Europe,Europe
LOC-03417,Oss,Brabante Septentrional,Países Bajos,Western Europe,Europe
LOC-03418,Cidade Ocidental,Goiás,Brasil,South America,LATAM
LOC-03419,Carapicuíba,São Paulo,Brasil,South America,LATAM
LOC-03420,Talara,Piura,Perú,South America,LATAM
LOC-03421,Peoria,Illinois,Estados Unidos,US Center,USCA
LOC-03422,Camarillo,California,Estados Unidos,West of USA,USCA
LOC-03423,Uithoorn,Holanda Septentrional,Países Bajos,Western Europe,Europe
LOC-03424,La Rioja,La Rioja,Argentina,South America,LATAM
LOC-03425,Rottingdean,Inglaterra,Reino Unido,Northern Europe,Europe
LOC-03426,Fargo,Dakota del Norte,Estados Unidos,US Center,USCA
LOC-03427,Drobeta-Turnu Severin,Mehedinti,Rumania,Eastern Europe,Europe
LOC-03428,Brantford,Ontario,Canada,Canada,USCA
LOC-03429,Tahta,Suhaj,Egipto,North Africa,Africa
LOC-03430,Brikama,Occidental,República de Gambia,West Africa,Africa
LOC-03431,Ris-Orangis,Isla de Francia,Francia,Western Europe,Europe
LOC-03432,Millau,Languedoc-Rosellón-Mediodía-Pirineos,Francia,Western Europe,Europe
LOC-03433,Harlow,Inglaterra,Reino Unido,Northern Europe,Europe
LOC-03434,Cuenca,Castilla-La Mancha,España,Southern Europe,Europe
LOC-03435,Dunstable,Inglaterra,Reino Unido,Northern Europe,Europe
LOC-03436,Charallave,Miranda,Venezuela,South America,LATAM
LOC-03437,Acámbaro,Guanajuato,México,Central America,LATAM
LOC-03438,Paço do Lumiar,Marañón,Brasil,South America,LATAM
LOC-03439,Barranca,Lima,Perú,South America,LATAM
LOC-03440,Mau,Madhya Pradesh,India,South Asia,Pacific Asia
LOC-03441,Torbali,Izmir,Turquía,West Asia,Pacific Asia
LOC-03442,Shihezi,Xinjiang Uygur,China,Eastern Asia,Pacific Asia
LOC-03443,Tongi,Daca,Bangladés,South Asia,Pacific Asia
LOC-03444,Binzhou,Heilongjiang,China,Eastern Asia,Pacific Asia
LOC-03445,Takasaki,Gunma,Japón,Eastern Asia,Pacific Asia
LOC-03446,Dubuque,Iowa,Estados Unidos,US Center,USCA
LOC-03447,Whittier,California,Estados Unidos,West of USA,USCA
LOC-03448,Ontario,California,Estados Unidos,West of USA,USCA
LOC-03449,Bryan,Texas,Estados Unidos,US Center,USCA
LOC-03450,Cedar Rapids,Iowa,Estados Unidos,US Center,USCA
LOC-03451,Elyria,Ohio,Estados Unidos,East of USA,USCA
LOC-03452,Longueuil,Quebec,Canada,Canada,USCA
LOC-03453,Saint Petersburg,Florida,Estados Unidos,South of  USA,USCA
LOC-03454,Homestead,Florida,Estados Unidos,South of  USA,USCA
LOC-03455,Marysville,Washington,Estados Unidos,West of USA,USCA
LOC-03456,Saint-Louis,Saint-Louis,Senegal,West Africa,Africa
LOC-03457,Ludwigsfelde,Brandenburgo,Alemania,Western Europe,Europe
LOC-03458,Gorgan,Golestán,Irán,South Asia,Pacific Asia
LOC-03459,Stains,Isla de Francia,Francia,Western Europe,Europe
LOC-03460,Ipatinga,Minas Gerais,Brasil,South America,LATAM
LOC-03461,Oktyabr'skiy,Bashkortostán,Rusia,Eastern Europe,Europe
LOC-03462,Royal Oak,Michigan,Estados Unidos,US Center,USCA
LOC-03463,Norman,Oklahoma,Estados Unidos,US Center,USCA
LOC-03464,Balmazujvaros,Hajdú-Bihar,Hungría,Eastern Europe,Europe
LOC-03465,Silopi,Sirnak,Turquía,West Asia,Pacific Asia
LOC-03466,Coppell,Texas,Estados Unidos,US Center,USCA
LOC-03467,Rock Hill,Carolina del Sur,Estados Unidos,South of  USA,USCA
LOC-03468,Zwedru,Grand Gedeh,Liberia,West Africa,Africa
LOC-03469,Iringa,Iringa,Tanzania,East Africa,Africa
LOC-03470,Gaborone,Sudeste,Botsuana,Southern Africa,Africa
LOC-03471,Guamúchil,Sinaloa,México,Central America,LATAM
LOC-03472,Anyang,Henan,China,Eastern Asia,Pacific Asia
LOC-03473,Villeneuve-la-Garenne,Isla de Francia,Francia,Western Europe,Europe
LOC-03474,Yokkaichi,Mie,Japón,Eastern Asia,Pacific Asia
LOC-03475,Briton Ferry,Gales,Reino Unido,Northern Europe,Europe
LOC-03476,Birobidzhan,Yevrey,Rusia,Eastern Europe,Europe
LOC-03477,Oradea,Bihor,Rumania,Eastern Europe,Europe
LOC-03478,Ariquemes,Rondônia,Brasil,South America,LATAM
LOC-03479,Bolu,Bolu,Turquía,West Asia,Pacific Asia
LOC-03480,Changshu,Jiangsu,China,Eastern Asia,Pacific Asia
LOC-03481,Mutare,Manicalandia,Zimbabue,East Africa,Africa
LOC-03482,Guildford,Inglaterra,Reino Unido,Northern Europe,Europe
LOC-03483,La Ciotat,Provenza-Alpes-Costa Azul,Francia,Western Europe,Europe
LOC-03484,Treviglio,Lombardía,Italia,Southern Europe,Europe
LOC-03485,Cherbourg-Octeville,Normandía,Francia,Western Europe,Europe
LOC-03486,Buca,Izmir,Turquía,West Asia,Pacific Asia
LOC-03487,Marlborough,Massachusetts,Estados Unidos,East of USA,USCA
LOC-03488,Lichinga,Niassa,Mozambique,East Africa,Africa
LOC-03489,Nuneaton,Inglaterra,Reino Unido,Northern Europe,Europe
LOC-03490,Mauguio,Languedoc-Rosellón-Mediodía-Pirineos,Francia,Western Europe,Europe
LOC-03491,Zhangzhou,Fujian,China,Eastern Asia,Pacific Asia
LOC-03492,Vanadzor,Lori,Armenia,West Asia,Pacific Asia
LOC-03493,Greenwood,Indiana,Estados Unidos,US Center,USCA
LOC-03494,Grand Island,Nebraska,Estados Unidos,US Center,USCA
LOC-03495,Kiziltepe,Mardin,Turquía,West Asia,Pacific Asia
LOC-03496,Modica,Sicilia,Italia,Southern Europe,Europe
LOC-03497,Semnán,Semnán,Irán,South Asia,Pacific Asia
LOC-03498,Beipiao,Liaoning,China,Eastern Asia,Pacific Asia
LOC-03499,Ann Arbor,Michigan,Estados Unidos,US Center,USCA
LOC-03500,Cangzhou,Hebei,China,Eastern Asia,Pacific Asia
LOC-03501,Bozeman,Montana,Estados Unidos,West of USA,USCA
LOC-03502,Warrnambool,Victoria,Australia,Oceania,Pacific Asia
LOC-03503,Jizzakh,Jizzakh,Uzbekistán,Central Asia,Pacific Asia
LOC-03504,Santa Fe,Nuevo México,Estados Unidos,West of USA,USCA
LOC-03505,Reading,Pensilvania,Estados Unidos,East of USA,USCA
LOC-03506,Girga,Suhaj,Egipto,North Africa,Africa
LOC-03507,Halifax,Nueva Escocia,Canada,Canada,USCA
LOC-03508,Be'er Sheva,Meridional,Israel,West Asia,Pacific Asia
LOC-03509,Umraniye,Estambul,Turquía,West Asia,Pacific Asia
LOC-03510,Sliven,Sliven,Bulgaria,Eastern Europe,Europe
LOC-03511,Berrechid,Chauía-Uardiga,Marruecos,North Africa,Africa
LOC-03512,Rafsanjan,Kerman,Irán,South Asia,Pacific Asia
LOC-03513,Igurusi,Mbeya,Tanzania,East Africa,Africa
LOC-03514,Isparta,Isparta,Turquía,West Asia,Pacific Asia
LOC-03515,Rize,Rize,Turquía,West Asia,Pacific Asia
LOC-03516,Pietermaritzburg,KwaZulu-Natal,SudAfrica,Southern Africa,Africa
LOC-03517,Gusau,Zamfara,Nigeria,West Africa,Africa
LOC-03518,Shahriar,Teherán,Irán,South Asia,Pacific Asia
LOC-03519,Bata,Litoral,Guinea Ecuatorial,Central Africa,Africa
LOC-03520,Melitopol,Zaporiyia,Ucrania,Eastern Europe,Europe
LOC-03521,Borazjan,Bushehr,Irán,South Asia,Pacific Asia
LOC-03522,Baqubah,Diala,Irak,West Asia,Pacific Asia
LOC-03523,Ar Raqa,Ar Raqa,Siria,West Asia,Pacific Asia
LOC-03524,Tanta,Gharbia,Egipto,North Africa,Africa
LOC-03525,Stakhanov,Lugansk,Ucrania,Eastern Europe,Europe
LOC-03526,Al Khums,Al Marqab,Libia,North Africa,Africa
LOC-03527,Osh,Osh,Kirguistán,Central Asia,Pacific Asia
LOC-03528,Cape Coast,Central,Ghana,West Africa,Africa
LOC-03529,Tokat,Tokat,Turquía,West Asia,Pacific Asia
LOC-03530,Nal'chik,Kabardia-Balkaria,Rusia,Eastern Europe,Europe
LOC-03531,Usak,Usak,Turquía,West Asia,Pacific Asia
LOC-03532,Deva,Hunedoara,Rumania,Eastern Europe,Europe
LOC-03533,Mufulira,Copperbelt,Zambia,East Africa,Africa
LOC-03534,Khemisset,Rabat-Salé-Zemur-Zaer,Marruecos,North Africa,Africa
LOC-03535,Kuwait City,Al Asimah,Kuwait,West Asia,Pacific Asia
LOC-03536,Mason,Ohio,Estados Unidos,East of USA,USCA
LOC-03537,San Clemente,California,Estados Unidos,West of USA,USCA
LOC-03538,Arlington Heights,Illinois,Estados Unidos,US Center,USCA
LOC-03539,Fort Collins,Colorado,Estados Unidos,West of USA,USCA
LOC-03540,North Miami,Florida,Estados Unidos,South of  USA,USCA
LOC-03541,Twin Falls,Idaho,Estados Unidos,West of USA,USCA
LOC-03542,Rancho Cucamonga,California,Estados Unidos,West of USA,USCA
LOC-03543,San José de Guanipa,Anzoátegui,Venezuela,South America,LATAM
LOC-03544,Itamaraju,Bahía,Brasil,South America,LATAM
LOC-03545,Tatuí,São Paulo,Brasil,South America,LATAM
LOC-03546,Coari,Amazonas,Brasil,South America,LATAM
LOC-03547,Senhor do Bonfim,Bahía,Brasil,South America,LATAM
LOC-03548,Poços de Caldas,Minas Gerais,Brasil,South America,LATAM
LOC-03549,Camaragibe,Pernambuco,Brasil,South America,LATAM
LOC-03550,Mérida,Mérida,Venezuela,South America,LATAM
LOC-03551,Chevilly-Larue,Isla de Francia,Francia,Western Europe,Europe
LOC-03552,Chiclana de la Frontera,Andalucía,España,Southern Europe,Europe
LOC-03553,Cuneo,Piamonte,Italia,Southern Europe,Europe
LOC-03554,Upplands Väsby,Estocolmo,Suecia,Northern Europe,Europe
LOC-03555,Visalia,California,Estados Unidos,West of USA,USCA
LOC-03556,North Charleston,Carolina del Sur,Estados Unidos,South of  USA,USCA
LOC-03557,Thousand Oaks,California,Estados Unidos,West of USA,USCA
LOC-03558,Draper,Utah,Estados Unidos,West of USA,USCA
LOC-03559,Oak Park,Michigan,Estados Unidos,US Center,USCA
LOC-03560,Kirkwood,Misuri,Estados Unidos,US Center,USCA
LOC-03561,Deltona,Florida,Estados Unidos,South of  USA,USCA
LOC-03562,Danville,Illinois,Estados Unidos,US Center,USCA
LOC-03563,Carol Stream,Illinois,Estados Unidos,US Center,USCA
LOC-03564,Tinley Park,Illinois,Estados Unidos,US Center,USCA
LOC-03565,Conroe,Texas,Estados Unidos,US Center,USCA
LOC-03566,San Mateo,California,Estados Unidos,West of USA,USCA
LOC-03567,Missouri City,Texas,Estados Unidos,US Center,USCA
LOC-03568,Billings,Montana,Estados Unidos,West of USA,USCA
LOC-03569,Murray,Kentucky,Estados Unidos,South of  USA,USCA
LOC-03570,Jamestown,Nueva York,Estados Unidos,East of USA,USCA
LOC-03571,Coachella,California,Estados Unidos,West of USA,USCA
LOC-03572,South Bend,Indiana,Estados Unidos,US Center,USCA
LOC-03573,Auburn,Washington,Estados Unidos,West of USA,USCA
LOC-03574,Appleton,Wisconsin,Estados Unidos,US Center,USCA
LOC-03575,Whakatane,Bay of Plenty,Nueva Zelanda,Oceania,Pacific Asia
LOC-03576,San Pedro,Calabarzón,Filipinas,Southeast Asia,Pacific Asia
LOC-03577,Coxs B?z?r,Chittagong,Bangladés,South Asia,Pacific Asia
LOC-03578,Yongchuan,Chongqing,China,Eastern Asia,Pacific Asia
LOC-03579,Zaoyang,Hubei,China,Eastern Asia,Pacific Asia
LOC-03580,Rizhao,Shandong,China,Eastern Asia,Pacific Asia
LOC-03581,Tsukuba,Ibaraki,Japón,Eastern Asia,Pacific Asia
LOC-03582,Luanshya,Copperbelt,Zambia,East Africa,Africa
LOC-03583,Dartford,Inglaterra,Reino Unido,Northern Europe,Europe
LOC-03584,Stadtlohn,Renania del Norte-Westfalia,Alemania,Western Europe,Europe
LOC-03585,Teramo,Abruzos,Italia,Southern Europe,Europe
LOC-03586,Louviers,Normandía,Francia,Western Europe,Europe
LOC-03587,Cercola,Campania,Italia,Southern Europe,Europe
LOC-03588,Allauch,Provenza-Alpes-Costa Azul,Francia,Western Europe,Europe
LOC-03589,Bracknell,Inglaterra,Reino Unido,Northern Europe,Europe
LOC-03590,Rosenheim,Bavaria,Alemania,Western Europe,Europe
LOC-03591,Casoria,Campania,Italia,Southern Europe,Europe
LOC-03592,Facatativá,Cundinamarca,Colombia,South America,LATAM
LOC-03593,La Pintana,Santiago de Chile,Chile,South America,LATAM
LOC-03594,Itapeva,São Paulo,Brasil,South America,LATAM
LOC-03595,Musoma,Mara,Tanzania,East Africa,Africa
LOC-03596,Damanhur,Al Buhayrah,Egipto,North Africa,Africa
LOC-03597,Shumen,Shumen,Bulgaria,Eastern Europe,Europe
LOC-03598,Gyula,Békés,Hungría,Eastern Europe,Europe
LOC-03599,Sorriso,Mato Grosso,Brasil,South America,LATAM
LOC-03600,Ordu,Ordu,Turquía,West Asia,Pacific Asia
LOC-03601,Jiaxing,Zhejiang,China,Eastern Asia,Pacific Asia
LOC-03602,Phuntsholing,Chukha,Bután,South Asia,Pacific Asia
LOC-03603,Sanming,Fujian,China,Eastern Asia,Pacific Asia
LOC-03604,Suceava,Suceava,Rumania,Eastern Europe,Europe
LOC-03605,Pazardzhik,Pazardzhik,Bulgaria,Eastern Europe,Europe
LOC-03606,Focsani,Vrancea,Rumania,Eastern Europe,Europe
LOC-03607,San Carlos del Zulia,Zulia,Venezuela,South America,LATAM
LOC-03608,Barra do Piraí,Río de Janeiro,Brasil,South America,LATAM
LOC-03609,Kazerun,Fars,Irán,South Asia,Pacific Asia
LOC-03610,Kawaguchi,Chiba,Japón,Eastern Asia,Pacific Asia
LOC-03611,Taldyqorghan,Almaty,Kazajistán,Central Asia,Pacific Asia
LOC-03612,Bhilwara,Rajastán,India,South Asia,Pacific Asia
LOC-03613,Bharatpur,Rajastán,India,South Asia,Pacific Asia
LOC-03614,Ghaziabad,Uttar Pradesh,India,South Asia,Pacific Asia
LOC-03615,Park Ridge,Illinois,Estados Unidos,US Center,USCA
LOC-03616,Canton,Michigan,Estados Unidos,US Center,USCA
LOC-03617,Holyoke,Massachusetts,Estados Unidos,East of USA,USCA
LOC-03618,Romeoville,Illinois,Estados Unidos,US Center,USCA
LOC-03619,Independence,Misuri,Estados Unidos,US Center,USCA
LOC-03620,Lubango,Huila,Angola,Central Africa,Africa
LOC-03621,Hadera,Haifa,Israel,West Asia,Pacific Asia
LOC-03622,Ormond Beach,Florida,Estados Unidos,South of  USA,USCA
LOC-03623,Toliara,Atsimo-Andrefana,Madagascar,East Africa,Africa
LOC-03624,Stafford,Inglaterra,Reino Unido,Northern Europe,Europe
LOC-03625,Kortrijk,Flanders Occidental,Bélgica,Western Europe,Europe
LOC-03626,Hardenberg,Overijssel,Países Bajos,Western Europe,Europe
LOC-03627,Junín,Buenos Aires (provincia),Argentina,South America,LATAM
LOC-03628,Dzhezkazgan,Karagandá,Kazajistán,Central Asia,Pacific Asia
LOC-03629,Kita-ku,Osaka,Japón,Eastern Asia,Pacific Asia
LOC-03630,Latur,Maharashtra,India,South Asia,Pacific Asia
LOC-03631,Yuncheng,Shanxi,China,Eastern Asia,Pacific Asia
LOC-03632,Bingöl,Bingöl,Turquía,West Asia,Pacific Asia
LOC-03633,New Delhi,Delhi,India,South Asia,Pacific Asia
LOC-03634,Laurel,Maryland,Estados Unidos,East of USA,USCA
LOC-03635,Bellingham,Washington,Estados Unidos,West of USA,USCA
LOC-03636,Ponteareas,Galicia,España,Southern Europe,Europe
LOC-03637,Gombe,Gombe,Nigeria,West Africa,Africa
LOC-03638,Buriticupu,Marañón,Brasil,South America,LATAM
LOC-03639,Piotrkow Trybunalski,Lodz,Polonia,Eastern Europe,Europe
LOC-03640,Boksburg,Gauteng,SudAfrica,Southern Africa,Africa
LOC-03641,Koumra,Mandoul,Chad,Central Africa,Africa
LOC-03642,Villeneuve-Saint-Georges,Isla de Francia,Francia,Western Europe,Europe
LOC-03643,Cambrai,Norte-Paso de Calais-Picardía,Francia,Western Europe,Europe
LOC-03644,Karaman,Karaman,Turquía,West Asia,Pacific Asia
LOC-03645,Torbat-e Heydariyeh,Jorasán Razaví,Irán,South Asia,Pacific Asia
LOC-03646,Roseville,Michigan,Estados Unidos,US Center,USCA
LOC-03647,Fulda,Hesse,Alemania,Western Europe,Europe
LOC-03648,Javanrud,Kermanshah,Irán,South Asia,Pacific Asia
LOC-03649,Sapele,Delta,Nigeria,West Africa,Africa
LOC-03650,Kara,Kara,Togo,West Africa,Africa
LOC-03651,Gatineau,Quebec,Canada,Canada,USCA
LOC-03652,Czestochowa,Silesia,Polonia,Eastern Europe,Europe
LOC-03653,Cubuk,Ankara,Turquía,West Asia,Pacific Asia
LOC-03654,East Orange,Nueva Jersey,Estados Unidos,East of USA,USCA
LOC-03655,El Cajon,California,Estados Unidos,West of USA,USCA
LOC-03656,Chula Vista,California,Estados Unidos,West of USA,USCA
LOC-03657,Cedar Hill,Texas,Estados Unidos,US Center,USCA
LOC-03658,Moorhead,Minnesota,Estados Unidos,US Center,USCA
LOC-03659,Las Cruces,Nuevo México,Estados Unidos,West of USA,USCA
LOC-03660,New Castle,Indiana,Estados Unidos,US Center,USCA
LOC-03661,Grapevine,Texas,Estados Unidos,US Center,USCA
LOC-03662,Jingdezhen,Jiangxi,China,Eastern Asia,Pacific Asia
LOC-03663,Elbeuf,Normandía,Francia,Western Europe,Europe
LOC-03664,Bitonto,Apulia,Italia,Southern Europe,Europe
LOC-03665,San Severo,Apulia,Italia,Southern Europe,Europe
LOC-03666,Battipaglia,Campania,Italia,Southern Europe,Europe
LOC-03667,Andria,Apulia,Italia,Southern Europe,Europe
LOC-03668,Cambé,Paraná,Brasil,South America,LATAM
LOC-03669,Pasto,Nariño,Colombia,South America,LATAM
LOC-03670,Aalen,Baden-Wurtemberg,Alemania,Western Europe,Europe
LOC-03671,Belgrade,Serbia Central,Serbia,Eastern Europe,Europe
LOC-03672,Mbinga,Ruvuma,Tanzania,East Africa,Africa
LOC-03673,Leiden,Holanda Meridional,Países Bajos,Western Europe,Europe
LOC-03674,Sorgues,Provenza-Alpes-Costa Azul,Francia,Western Europe,Europe
LOC-03675,Guelmim,Guelmim-Esmara,Marruecos,North Africa,Africa
LOC-03676,Buyukcekmece,Estambul,Turquía,West Asia,Pacific Asia
LOC-03677,Stara Zagora,Stara Zagora,Bulgaria,Eastern Europe,Europe
LOC-03678,Ibb,Ibb,Yemen,West Asia,Pacific Asia
LOC-03679,Midyat,Mardin,Turquía,West Asia,Pacific Asia
LOC-03680,Pinsk,Brest,Bielorrusia,Eastern Europe,Europe
LOC-03681,Sidi Bel Abbes,Sidi Bel Abbes,Argelia,North Africa,Africa
LOC-03682,Ulundi,KwaZulu-Natal,SudAfrica,Southern Africa,Africa
LOC-03683,Zabol,Sistán y Baluchistán,Irán,South Asia,Pacific Asia
LOC-03684,Jastrzebie Zdroj,Silesia,Polonia,Eastern Europe,Europe
LOC-03685,Dar Chioukh,Djelfa,Argelia,North Africa,Africa
LOC-03686,Cruzeiro do Sul,Acre,Brasil,South America,LATAM
LOC-03687,Mouscron,Henao,Bélgica,Western Europe,Europe
LOC-03688,Riom,Auvernia,Francia,Western Europe,Europe
LOC-03689,Waterloo,Iowa,Estados Unidos,US Center,USCA
LOC-03690,La Chapelle-sur-Erdre,Países del Loira,Francia,Western Europe,Europe
LOC-03691,Guanare,Portuguesa,Venezuela,South America,LATAM
LOC-03692,Chigasaki,Kanagawa,Japón,Eastern Asia,Pacific Asia
LOC-03693,Arrentela,Setúbal,Portugal,Southern Europe,Europe
LOC-03694,Springs,Gauteng,SudAfrica,Southern Africa,Africa
LOC-03695,Tartu,Tartu,Estonia,Northern Europe,Europe
LOC-03696,Braga,Braga,Portugal,Southern Europe,Europe
LOC-03697,Montería,Córdoba,Colombia,South America,LATAM
LOC-03698,Katsushika-ku,Tokio,Japón,Eastern Asia,Pacific Asia
LOC-03699,Aberdeen,Dakota del Sur,Estados Unidos,US Center,USCA
LOC-03700,Juliaca,Puno,Perú,South America,LATAM
LOC-03701,Neyshabur,Jorasán Razaví,Irán,South Asia,Pacific Asia
LOC-03702,Commerce City,Colorado,Estados Unidos,West of USA,USCA
LOC-03703,Deer Park,Texas,Estados Unidos,US Center,USCA
LOC-03704,El Aaiún,El Aaiún,Sáhara Occidental,West Africa,Africa
LOC-03705,Libourne,Aquitania-Lemosín-Poitou-Charentes,Francia,Western Europe,Europe
LOC-03706,Seropédica,Río de Janeiro,Brasil,South America,LATAM
LOC-03707,Qidong,Jiangsu,China,Eastern Asia,Pacific Asia
LOC-03708,Burlington,Ontario,Canada,Canada,USCA
LOC-03709,Moissy-Cramayel,Isla de Francia,Francia,Western Europe,Europe
LOC-03710,Wendeng,Shandong,China,Eastern Asia,Pacific Asia
LOC-03711,Texarkana,Arkansas,Estados Unidos,South of  USA,USCA
LOC-03712,Coon Rapids,Minnesota,Estados Unidos,US Center,USCA
LOC-03713,Cambridge,Waikato,Nueva Zelanda,Oceania,Pacific Asia
LOC-03714,Yao,Osaka,Japón,Eastern Asia,Pacific Asia
LOC-03715,Shimoga,Karnataka,India,South Asia,Pacific Asia
LOC-03716,Huangshi,Hubei,China,Eastern Asia,Pacific Asia
LOC-03717,Bafra,Samsun,Turquía,West Asia,Pacific Asia
LOC-03718,Zhuzhou,Hunan,China,Eastern Asia,Pacific Asia
LOC-03719,Gujrat,Punyab,Pakistán,South Asia,Pacific Asia
LOC-03720,Liaoyuan,Jilin,China,Eastern Asia,Pacific Asia
LOC-03721,Pearland,Texas,Estados Unidos,US Center,USCA
LOC-03722,Saint Peters,Misuri,Estados Unidos,US Center,USCA
LOC-03723,Vanderbijlpark,Gauteng,SudAfrica,Southern Africa,Africa
LOC-03724,St. John's,Terranova,Canada,Canada,USCA
LOC-03725,Mount Pleasant,Michigan,Estados Unidos,US Center,USCA
LOC-03726,Samobor,Zagrebacka,Croacia,Southern Europe,Europe
LOC-03727,Kissimmee,Florida,Estados Unidos,South of  USA,USCA
LOC-03728,Hengelo,Overijssel,Países Bajos,Western Europe,Europe
LOC-03729,Detmold,Renania del Norte-Westfalia,Alemania,Western Europe,Europe
LOC-03730,Bitola,Bitola,Macedonia,Southern Europe,Europe
LOC-03731,Botshabelo,Estado Libre,SudAfrica,Southern Africa,Africa
LOC-03732,Daloa,Haut-Sassandra,Costa de Marfil,West Africa,Africa
LOC-03733,Korhogo,Savanes,Costa de Marfil,West Africa,Africa
LOC-03734,Samalut,Menia,Egipto,North Africa,Africa
LOC-03735,Myslowice,Silesia,Polonia,Eastern Europe,Europe
LOC-03736,Duzce,Düzce,Turquía,West Asia,Pacific Asia
LOC-03737,Stanger,KwaZulu-Natal,SudAfrica,Southern Africa,Africa
LOC-03738,Bistrita,Bistrita-Nasaud,Rumania,Eastern Europe,Europe
LOC-03739,Fujisawa,Kanagawa,Japón,Eastern Asia,Pacific Asia
LOC-03740,Ashqelon,Meridional,Israel,West Asia,Pacific Asia
LOC-03741,Davis,California,Estados Unidos,West of USA,USCA
LOC-03742,Elkhart,Indiana,Estados Unidos,US Center,USCA
LOC-03743,Farmington,Nuevo México,Estados Unidos,West of USA,USCA
LOC-03744,Tongzhou,Pekín,China,Eastern Asia,Pacific Asia
LOC-03745,Gonesse,Isla de Francia,Francia,Western Europe,Europe
LOC-03746,Linden,Nueva Jersey,Estados Unidos,East of USA,USCA
LOC-03747,Woodstock,Georgia,Estados Unidos,South of  USA,USCA
LOC-03748,Missoula,Montana,Estados Unidos,West of USA,USCA
LOC-03749,Shangzhi,Heilongjiang,China,Eastern Asia,Pacific Asia
LOC-03750,Benoni,Gauteng,SudAfrica,Southern Africa,Africa
LOC-03751,Sète,Languedoc-Rosellón-Mediodía-Pirineos,Francia,Western Europe,Europe
LOC-03752,Contagem,Minas Gerais,Brasil,South America,LATAM
LOC-03753,Amagasaki,Hyogo,Japón,Eastern Asia,Pacific Asia
LOC-03754,El Escorial,Madrid,España,Southern Europe,Europe
LOC-03755,Peer,Limburgo,Bélgica,Western Europe,Europe
LOC-03756,Lindenhurst,Nueva York,Estados Unidos,East of USA,USCA
LOC-03757,Takestan,Qazvín,Irán,South Asia,Pacific Asia
LOC-03758,Senlis,Norte-Paso de Calais-Picardía,Francia,Western Europe,Europe
LOC-03759,Asti,Piamonte,Italia,Southern Europe,Europe
LOC-03760,Limbe,Ouest del Sur,Camerún,Central Africa,Africa
LOC-03761,Campo Limpo Paulista,São Paulo,Brasil,South America,LATAM
LOC-03762,Pingnan,Guangxi,China,Eastern Asia,Pacific Asia
LOC-03763,Tottori,Tottori,Japón,Eastern Asia,Pacific Asia
LOC-03764,Rondonópolis,Mato Grosso,Brasil,South America,LATAM
LOC-03765,Yucaipa,California,Estados Unidos,West of USA,USCA
LOC-03766,Volksrust,Mpumalanga,SudAfrica,Southern Africa,Africa
LOC-03767,Anglet,Aquitania-Lemosín-Poitou-Charentes,Francia,Western Europe,Europe
LOC-03768,Urganch,Khorezm,Uzbekistán,Central Asia,Pacific Asia
LOC-03769,Pico Rivera,California,Estados Unidos,West of USA,USCA
LOC-03770,Tongling,Anhui,China,Eastern Asia,Pacific Asia
LOC-03771,Liuyang,Hunan,China,Eastern Asia,Pacific Asia
LOC-03772,Nashua,Nuevo Hampshire,Estados Unidos,East of USA,USCA
